HomeTeam,AwayTeam,FTHG,FTAG,HTHG,HTAG,HS,AS,HST,AST,HF,AF,HC,AC,HY,AY,HR,AR
Arsenal,Crystal Palace,2.00,1.00,1.00,1.00,14.00,4.00,6.00,2.00,13.00,19.00,9.00,3.00,2.00,2.00,0.00,1.00
Leicester,Everton,2.00,2.00,1.00,2.00,11.00,13.00,3.00,3.00,16.00,10.00,3.00,6.00,1.00,1.00,0.00,0.00
Man United,Swansea,1.00,2.00,0.00,1.00,14.00,5.00,5.00,4.00,14.00,20.00,4.00,0.00,2.00,4.00,0.00,0.00
QPR,Hull,0.00,1.00,0.00,0.00,19.00,11.00,6.00,4.00,10.00,10.00,8.00,9.00,1.00,2.00,0.00,0.00
Stoke,Aston Villa,0.00,1.00,0.00,0.00,12.00,7.00,2.00,2.00,14.00,9.00,2.00,8.00,0.00,3.00,0.00,0.00
West Brom,Sunderland,2.00,2.00,1.00,1.00,10.00,7.00,5.00,2.00,18.00,9.00,6.00,3.00,3.00,1.00,0.00,0.00
West Ham,Tottenham,0.00,1.00,0.00,0.00,18.00,10.00,4.00,4.00,12.00,10.00,8.00,5.00,1.00,0.00,1.00,1.00
Liverpool,Southampton,2.00,1.00,1.00,0.00,12.00,12.00,5.00,6.00,8.00,11.00,2.00,6.00,1.00,2.00,0.00,0.00
Newcastle,Man City,0.00,2.00,0.00,1.00,12.00,13.00,0.00,5.00,8.00,11.00,3.00,3.00,1.00,5.00,0.00,0.00
Burnley,Chelsea,1.00,3.00,1.00,3.00,9.00,11.00,2.00,3.00,6.00,7.00,4.00,3.00,1.00,1.00,0.00,0.00
Aston Villa,Newcastle,0.00,0.00,0.00,0.00,9.00,11.00,0.00,4.00,11.00,8.00,7.00,7.00,4.00,0.00,0.00,1.00
Chelsea,Leicester,2.00,0.00,0.00,0.00,27.00,6.00,10.00,4.00,11.00,11.00,8.00,7.00,0.00,1.00,0.00,0.00
Crystal Palace,West Ham,1.00,3.00,0.00,2.00,9.00,17.00,4.00,8.00,14.00,11.00,6.00,9.00,1.00,3.00,0.00,0.00
Everton,Arsenal,2.00,2.00,2.00,0.00,8.00,13.00,2.00,3.00,10.00,18.00,3.00,3.00,1.00,4.00,0.00,0.00
Southampton,West Brom,0.00,0.00,0.00,0.00,8.00,8.00,2.00,2.00,14.00,15.00,1.00,5.00,1.00,2.00,0.00,0.00
Swansea,Burnley,1.00,0.00,1.00,0.00,10.00,12.00,5.00,1.00,14.00,13.00,2.00,3.00,2.00,1.00,0.00,0.00
Hull,Stoke,1.00,1.00,1.00,0.00,9.00,19.00,2.00,3.00,10.00,10.00,4.00,5.00,1.00,3.00,1.00,0.00
Sunderland,Man United,1.00,1.00,1.00,1.00,11.00,10.00,3.00,3.00,10.00,15.00,4.00,4.00,0.00,2.00,0.00,0.00
Tottenham,QPR,4.00,0.00,3.00,0.00,18.00,9.00,5.00,1.00,12.00,6.00,7.00,6.00,0.00,1.00,0.00,0.00
Man City,Liverpool,3.00,1.00,1.00,0.00,9.00,11.00,4.00,3.00,13.00,7.00,6.00,7.00,1.00,1.00,0.00,0.00
Burnley,Man United,0.00,0.00,0.00,0.00,9.00,7.00,3.00,2.00,10.00,14.00,3.00,6.00,2.00,2.00,0.00,0.00
Everton,Chelsea,3.00,6.00,1.00,2.00,17.00,12.00,7.00,8.00,7.00,16.00,8.00,2.00,1.00,3.00,0.00,0.00
Man City,Stoke,0.00,1.00,0.00,0.00,16.00,7.00,2.00,2.00,14.00,5.00,11.00,4.00,2.00,1.00,0.00,0.00
Newcastle,Crystal Palace,3.00,3.00,1.00,1.00,18.00,12.00,4.00,7.00,12.00,19.00,11.00,4.00,1.00,3.00,0.00,0.00
QPR,Sunderland,1.00,0.00,1.00,0.00,18.00,16.00,5.00,6.00,8.00,9.00,4.00,6.00,1.00,2.00,0.00,0.00
Swansea,West Brom,3.00,0.00,2.00,0.00,15.00,16.00,8.00,2.00,10.00,8.00,0.00,7.00,1.00,2.00,0.00,0.00
West Ham,Southampton,1.00,3.00,1.00,1.00,4.00,18.00,2.00,8.00,11.00,13.00,2.00,9.00,2.00,1.00,0.00,0.00
Aston Villa,Hull,2.00,1.00,2.00,0.00,11.00,9.00,4.00,3.00,9.00,10.00,3.00,7.00,1.00,4.00,0.00,0.00
Leicester,Arsenal,1.00,1.00,1.00,1.00,9.00,24.00,3.00,6.00,14.00,6.00,5.00,10.00,3.00,1.00,0.00,0.00
Tottenham,Liverpool,0.00,3.00,0.00,1.00,7.00,17.00,1.00,8.00,14.00,11.00,7.00,3.00,0.00,4.00,0.00,0.00
Arsenal,Man City,2.00,2.00,0.00,1.00,15.00,15.00,6.00,8.00,11.00,15.00,0.00,3.00,3.00,4.00,0.00,0.00
Chelsea,Swansea,4.00,2.00,1.00,1.00,29.00,11.00,9.00,2.00,12.00,11.00,7.00,4.00,0.00,3.00,0.00,0.00
Crystal Palace,Burnley,0.00,0.00,0.00,0.00,14.00,11.00,3.00,3.00,12.00,10.00,5.00,5.00,2.00,3.00,0.00,0.00
Liverpool,Aston Villa,0.00,1.00,0.00,1.00,18.00,5.00,1.00,1.00,9.00,10.00,7.00,6.00,2.00,1.00,0.00,0.00
Southampton,Newcastle,4.00,0.00,2.00,0.00,10.00,9.00,7.00,4.00,15.00,7.00,5.00,5.00,0.00,2.00,0.00,0.00
Stoke,Leicester,0.00,1.00,0.00,0.00,24.00,8.00,4.00,1.00,8.00,15.00,13.00,3.00,3.00,0.00,0.00,0.00
Sunderland,Tottenham,2.00,2.00,1.00,1.00,6.00,15.00,1.00,6.00,10.00,13.00,5.00,5.00,5.00,1.00,0.00,0.00
West Brom,Everton,0.00,2.00,0.00,1.00,11.00,11.00,1.00,4.00,12.00,8.00,9.00,1.00,2.00,3.00,0.00,0.00
Man United,QPR,4.00,0.00,3.00,0.00,19.00,9.00,9.00,2.00,11.00,8.00,3.00,1.00,1.00,0.00,0.00,0.00
Hull,West Ham,2.00,2.00,1.00,0.00,11.00,16.00,6.00,4.00,12.00,7.00,3.00,10.00,3.00,1.00,0.00,0.00
Aston Villa,Arsenal,0.00,3.00,0.00,3.00,6.00,9.00,2.00,3.00,11.00,9.00,5.00,5.00,1.00,3.00,0.00,0.00
Burnley,Sunderland,0.00,0.00,0.00,0.00,17.00,14.00,6.00,6.00,14.00,14.00,5.00,1.00,1.00,2.00,0.00,0.00
Newcastle,Hull,2.00,2.00,0.00,0.00,25.00,10.00,7.00,3.00,11.00,11.00,4.00,2.00,4.00,2.00,0.00,0.00
QPR,Stoke,2.00,2.00,1.00,1.00,21.00,8.00,5.00,4.00,6.00,15.00,10.00,1.00,2.00,4.00,0.00,0.00
Swansea,Southampton,0.00,1.00,0.00,0.00,5.00,11.00,2.00,4.00,11.00,15.00,2.00,4.00,0.00,4.00,1.00,0.00
West Ham,Liverpool,3.00,1.00,2.00,1.00,13.00,11.00,7.00,5.00,16.00,11.00,7.00,5.00,4.00,1.00,0.00,0.00
Everton,Crystal Palace,2.00,3.00,1.00,1.00,17.00,10.00,6.00,3.00,8.00,13.00,7.00,1.00,2.00,2.00,0.00,0.00
Leicester,Man United,5.00,3.00,1.00,2.00,15.00,16.00,5.00,5.00,11.00,9.00,2.00,4.00,1.00,1.00,0.00,1.00
Man City,Chelsea,1.00,1.00,0.00,0.00,16.00,6.00,4.00,2.00,16.00,12.00,14.00,2.00,3.00,4.00,1.00,0.00
Tottenham,West Brom,0.00,1.00,0.00,0.00,7.00,10.00,1.00,4.00,12.00,7.00,9.00,7.00,2.00,2.00,0.00,0.00
Arsenal,Tottenham,1.00,1.00,0.00,0.00,16.00,6.00,6.00,4.00,7.00,16.00,15.00,5.00,3.00,6.00,0.00,0.00
Chelsea,Aston Villa,3.00,0.00,1.00,0.00,17.00,7.00,8.00,1.00,11.00,9.00,9.00,2.00,2.00,2.00,0.00,0.00
Crystal Palace,Leicester,2.00,0.00,0.00,0.00,16.00,7.00,6.00,1.00,14.00,9.00,6.00,6.00,0.00,2.00,0.00,0.00
Hull,Man City,2.00,4.00,2.00,2.00,10.00,20.00,5.00,6.00,10.00,6.00,3.00,8.00,0.00,2.00,0.00,0.00
Liverpool,Everton,1.00,1.00,0.00,0.00,24.00,11.00,8.00,5.00,8.00,9.00,8.00,2.00,2.00,1.00,0.00,0.00
Man United,West Ham,2.00,1.00,2.00,1.00,8.00,13.00,3.00,4.00,10.00,12.00,7.00,10.00,1.00,3.00,1.00,0.00
Southampton,QPR,2.00,1.00,0.00,0.00,19.00,10.00,9.00,2.00,12.00,11.00,6.00,3.00,2.00,1.00,0.00,0.00
Sunderland,Swansea,0.00,0.00,0.00,0.00,15.00,7.00,3.00,1.00,13.00,15.00,10.00,1.00,2.00,1.00,0.00,1.00
West Brom,Burnley,4.00,0.00,2.00,0.00,20.00,10.00,6.00,2.00,7.00,9.00,10.00,2.00,1.00,2.00,0.00,0.00
Stoke,Newcastle,1.00,0.00,1.00,0.00,12.00,16.00,3.00,1.00,20.00,15.00,2.00,10.00,1.00,2.00,0.00,0.00
Aston Villa,Man City,0.00,2.00,0.00,0.00,6.00,27.00,1.00,7.00,4.00,6.00,0.00,7.00,0.00,1.00,0.00,0.00
Hull,Crystal Palace,2.00,0.00,0.00,0.00,15.00,11.00,2.00,2.00,6.00,14.00,6.00,7.00,1.00,2.00,0.00,0.00
Leicester,Burnley,2.00,2.00,2.00,1.00,15.00,10.00,6.00,4.00,16.00,12.00,9.00,3.00,2.00,2.00,0.00,0.00
Liverpool,West Brom,2.00,1.00,1.00,0.00,19.00,8.00,7.00,4.00,12.00,15.00,5.00,5.00,2.00,2.00,0.00,0.00
Sunderland,Stoke,3.00,1.00,2.00,1.00,8.00,11.00,3.00,5.00,10.00,17.00,7.00,4.00,3.00,4.00,0.00,0.00
Swansea,Newcastle,2.00,2.00,1.00,1.00,11.00,9.00,5.00,4.00,11.00,15.00,3.00,1.00,1.00,3.00,0.00,0.00
Chelsea,Arsenal,2.00,0.00,1.00,0.00,5.00,10.00,3.00,0.00,14.00,10.00,2.00,2.00,4.00,3.00,0.00,0.00
Man United,Everton,2.00,1.00,1.00,0.00,15.00,10.00,4.00,6.00,18.00,11.00,11.00,6.00,4.00,3.00,0.00,0.00
Tottenham,Southampton,1.00,0.00,1.00,0.00,9.00,7.00,4.00,3.00,15.00,9.00,10.00,5.00,2.00,1.00,0.00,0.00
West Ham,QPR,2.00,0.00,1.00,0.00,11.00,10.00,3.00,3.00,10.00,11.00,7.00,5.00,2.00,2.00,0.00,0.00
Arsenal,Hull,2.00,2.00,1.00,1.00,25.00,4.00,9.00,4.00,9.00,13.00,10.00,0.00,2.00,2.00,0.00,0.00
Burnley,West Ham,1.00,3.00,0.00,0.00,17.00,22.00,3.00,6.00,3.00,10.00,5.00,7.00,0.00,1.00,0.00,0.00
Crystal Palace,Chelsea,1.00,2.00,0.00,1.00,7.00,14.00,4.00,5.00,13.00,7.00,3.00,2.00,1.00,1.00,1.00,1.00
Everton,Aston Villa,3.00,0.00,1.00,0.00,15.00,10.00,6.00,2.00,11.00,16.00,3.00,4.00,2.00,2.00,0.00,0.00
Man City,Tottenham,4.00,1.00,2.00,1.00,20.00,19.00,12.00,7.00,11.00,9.00,3.00,4.00,1.00,2.00,0.00,1.00
Newcastle,Leicester,1.00,0.00,0.00,0.00,19.00,7.00,6.00,2.00,13.00,15.00,10.00,7.00,0.00,3.00,0.00,0.00
Southampton,Sunderland,8.00,0.00,3.00,0.00,20.00,12.00,11.00,1.00,11.00,8.00,5.00,6.00,1.00,3.00,0.00,0.00
QPR,Liverpool,2.00,3.00,0.00,0.00,15.00,15.00,6.00,5.00,10.00,15.00,7.00,2.00,2.00,3.00,0.00,0.00
Stoke,Swansea,2.00,1.00,1.00,1.00,17.00,13.00,3.00,5.00,17.00,7.00,3.00,5.00,4.00,1.00,0.00,0.00
West Brom,Man United,2.00,2.00,1.00,0.00,8.00,22.00,2.00,7.00,6.00,8.00,0.00,11.00,1.00,2.00,0.00,0.00
Liverpool,Hull,0.00,0.00,0.00,0.00,17.00,6.00,4.00,3.00,12.00,17.00,14.00,1.00,3.00,2.00,0.00,0.00
Southampton,Stoke,1.00,0.00,1.00,0.00,20.00,8.00,2.00,1.00,10.00,12.00,6.00,3.00,0.00,2.00,0.00,0.00
Sunderland,Arsenal,0.00,2.00,0.00,1.00,11.00,15.00,3.00,5.00,11.00,9.00,3.00,3.00,3.00,3.00,0.00,0.00
Swansea,Leicester,2.00,0.00,1.00,0.00,7.00,9.00,3.00,4.00,7.00,10.00,2.00,2.00,0.00,0.00,0.00,0.00
West Brom,Crystal Palace,2.00,2.00,0.00,2.00,17.00,8.00,4.00,6.00,14.00,8.00,6.00,3.00,3.00,1.00,0.00,0.00
West Ham,Man City,2.00,1.00,1.00,0.00,12.00,21.00,4.00,5.00,12.00,14.00,4.00,8.00,2.00,1.00,0.00,0.00
Burnley,Everton,1.00,3.00,1.00,2.00,14.00,15.00,3.00,6.00,12.00,7.00,5.00,4.00,4.00,2.00,0.00,0.00
Man United,Chelsea,1.00,1.00,0.00,0.00,19.00,9.00,7.00,4.00,13.00,14.00,4.00,7.00,3.00,5.00,0.00,1.00
Tottenham,Newcastle,1.00,2.00,1.00,0.00,17.00,8.00,2.00,2.00,9.00,12.00,10.00,2.00,2.00,4.00,0.00,0.00
QPR,Aston Villa,2.00,0.00,1.00,0.00,11.00,15.00,4.00,6.00,11.00,14.00,2.00,4.00,0.00,2.00,0.00,0.00
Arsenal,Burnley,3.00,0.00,0.00,0.00,32.00,6.00,13.00,2.00,5.00,9.00,18.00,1.00,0.00,1.00,0.00,0.00
Chelsea,QPR,2.00,1.00,1.00,0.00,18.00,7.00,8.00,1.00,8.00,12.00,13.00,2.00,0.00,0.00,0.00,0.00
Everton,Swansea,0.00,0.00,0.00,0.00,17.00,8.00,3.00,0.00,10.00,15.00,11.00,0.00,2.00,3.00,0.00,1.00
Hull,Southampton,0.00,1.00,0.00,1.00,8.00,10.00,1.00,3.00,6.00,9.00,7.00,4.00,1.00,0.00,0.00,0.00
Leicester,West Brom,0.00,1.00,0.00,0.00,14.00,8.00,5.00,3.00,5.00,12.00,8.00,3.00,0.00,1.00,0.00,0.00
Newcastle,Liverpool,1.00,0.00,0.00,0.00,14.00,6.00,3.00,3.00,13.00,8.00,7.00,2.00,4.00,3.00,0.00,0.00
Stoke,West Ham,2.00,2.00,1.00,0.00,21.00,10.00,6.00,2.00,14.00,13.00,9.00,2.00,1.00,1.00,0.00,0.00
Aston Villa,Tottenham,1.00,2.00,1.00,0.00,12.00,18.00,1.00,7.00,12.00,11.00,3.00,9.00,3.00,3.00,1.00,0.00
Man City,Man United,1.00,0.00,0.00,0.00,16.00,9.00,6.00,2.00,15.00,9.00,7.00,4.00,3.00,1.00,0.00,1.00
Crystal Palace,Sunderland,1.00,3.00,0.00,1.00,9.00,8.00,1.00,7.00,12.00,19.00,11.00,2.00,0.00,3.00,1.00,0.00
Burnley,Hull,1.00,0.00,0.00,0.00,14.00,12.00,3.00,1.00,17.00,17.00,7.00,1.00,6.00,4.00,0.00,0.00
Liverpool,Chelsea,1.00,2.00,1.00,1.00,12.00,15.00,4.00,5.00,9.00,12.00,5.00,7.00,2.00,5.00,0.00,0.00
Man United,Crystal Palace,1.00,0.00,0.00,0.00,23.00,6.00,5.00,1.00,8.00,12.00,11.00,4.00,1.00,3.00,0.00,0.00
QPR,Man City,2.00,2.00,1.00,1.00,17.00,23.00,4.00,6.00,9.00,10.00,7.00,7.00,4.00,2.00,0.00,0.00
Southampton,Leicester,2.00,0.00,0.00,0.00,18.00,5.00,6.00,0.00,10.00,12.00,13.00,4.00,2.00,2.00,0.00,0.00
West Ham,Aston Villa,0.00,0.00,0.00,0.00,21.00,12.00,5.00,4.00,9.00,10.00,13.00,2.00,0.00,3.00,0.00,0.00
Sunderland,Everton,1.00,1.00,0.00,0.00,10.00,16.00,3.00,7.00,11.00,13.00,5.00,4.00,1.00,2.00,0.00,0.00
Swansea,Arsenal,2.00,1.00,0.00,0.00,11.00,12.00,5.00,4.00,10.00,16.00,6.00,10.00,5.00,5.00,0.00,0.00
Tottenham,Stoke,1.00,2.00,0.00,2.00,14.00,11.00,4.00,4.00,20.00,13.00,5.00,5.00,3.00,2.00,1.00,0.00
West Brom,Newcastle,0.00,2.00,0.00,1.00,10.00,8.00,2.00,3.00,12.00,6.00,7.00,4.00,0.00,0.00,0.00,0.00
Arsenal,Man United,1.00,2.00,0.00,0.00,23.00,12.00,9.00,2.00,12.00,8.00,11.00,5.00,2.00,1.00,0.00,0.00
Chelsea,West Brom,2.00,0.00,2.00,0.00,21.00,5.00,8.00,1.00,7.00,9.00,15.00,0.00,1.00,0.00,0.00,1.00
Everton,West Ham,2.00,1.00,1.00,0.00,14.00,14.00,4.00,3.00,10.00,13.00,1.00,5.00,2.00,3.00,0.00,0.00
Leicester,Sunderland,0.00,0.00,0.00,0.00,13.00,10.00,4.00,5.00,18.00,12.00,6.00,9.00,2.00,3.00,0.00,0.00
Man City,Swansea,2.00,1.00,1.00,1.00,23.00,8.00,10.00,3.00,13.00,9.00,7.00,3.00,2.00,1.00,0.00,0.00
Newcastle,QPR,1.00,0.00,0.00,0.00,14.00,13.00,6.00,4.00,12.00,15.00,16.00,7.00,2.00,3.00,0.00,0.00
Stoke,Burnley,1.00,2.00,1.00,2.00,25.00,5.00,4.00,4.00,10.00,9.00,14.00,0.00,2.00,2.00,0.00,0.00
Crystal Palace,Liverpool,3.00,1.00,1.00,1.00,15.00,12.00,5.00,1.00,21.00,10.00,4.00,3.00,1.00,2.00,0.00,0.00
Hull,Tottenham,1.00,2.00,1.00,0.00,10.00,23.00,2.00,6.00,15.00,9.00,3.00,9.00,3.00,1.00,1.00,0.00
Aston Villa,Southampton,1.00,1.00,1.00,0.00,7.00,15.00,1.00,4.00,15.00,17.00,2.00,8.00,1.00,2.00,0.00,0.00
Burnley,Aston Villa,1.00,1.00,0.00,1.00,11.00,18.00,4.00,7.00,8.00,8.00,1.00,5.00,3.00,4.00,0.00,0.00
Liverpool,Stoke,1.00,0.00,0.00,0.00,16.00,13.00,3.00,4.00,11.00,9.00,5.00,5.00,0.00,3.00,0.00,0.00
Man United,Hull,3.00,0.00,2.00,0.00,12.00,4.00,6.00,2.00,12.00,12.00,7.00,0.00,2.00,2.00,0.00,0.00
QPR,Leicester,3.00,2.00,2.00,1.00,32.00,19.00,6.00,5.00,8.00,17.00,11.00,5.00,3.00,2.00,0.00,0.00
Sunderland,Chelsea,0.00,0.00,0.00,0.00,12.00,24.00,3.00,6.00,13.00,10.00,2.00,8.00,3.00,2.00,0.00,0.00
Swansea,Crystal Palace,1.00,1.00,1.00,1.00,18.00,11.00,4.00,5.00,6.00,12.00,4.00,6.00,0.00,2.00,0.00,0.00
West Brom,Arsenal,0.00,1.00,0.00,0.00,9.00,17.00,1.00,5.00,9.00,10.00,4.00,4.00,2.00,1.00,0.00,0.00
West Ham,Newcastle,1.00,0.00,0.00,0.00,12.00,7.00,3.00,1.00,9.00,16.00,6.00,2.00,3.00,2.00,0.00,1.00
Southampton,Man City,0.00,3.00,0.00,0.00,13.00,15.00,4.00,6.00,10.00,13.00,8.00,6.00,1.00,2.00,0.00,1.00
Tottenham,Everton,2.00,1.00,2.00,1.00,13.00,10.00,6.00,5.00,15.00,5.00,3.00,4.00,5.00,1.00,0.00,0.00
Burnley,Newcastle,1.00,1.00,1.00,0.00,12.00,11.00,2.00,4.00,12.00,12.00,2.00,5.00,2.00,2.00,0.00,0.00
Crystal Palace,Aston Villa,0.00,1.00,0.00,1.00,17.00,5.00,5.00,3.00,16.00,15.00,8.00,2.00,2.00,2.00,0.00,0.00
Leicester,Liverpool,1.00,3.00,1.00,1.00,20.00,11.00,4.00,3.00,11.00,10.00,7.00,4.00,1.00,2.00,1.00,0.00
Man United,Stoke,2.00,1.00,1.00,1.00,10.00,5.00,3.00,4.00,8.00,13.00,2.00,2.00,2.00,4.00,0.00,0.00
Swansea,QPR,2.00,0.00,0.00,0.00,18.00,5.00,7.00,1.00,8.00,12.00,9.00,2.00,2.00,2.00,0.00,0.00
West Brom,West Ham,1.00,2.00,1.00,2.00,23.00,11.00,5.00,6.00,11.00,17.00,7.00,3.00,2.00,1.00,0.00,0.00
Arsenal,Southampton,1.00,0.00,0.00,0.00,19.00,6.00,8.00,1.00,7.00,14.00,9.00,4.00,0.00,2.00,0.00,0.00
Chelsea,Tottenham,3.00,0.00,2.00,0.00,12.00,10.00,8.00,2.00,9.00,9.00,1.00,6.00,1.00,1.00,0.00,0.00
Everton,Hull,1.00,1.00,1.00,0.00,13.00,8.00,5.00,1.00,8.00,12.00,6.00,4.00,1.00,1.00,0.00,0.00
Sunderland,Man City,1.00,4.00,1.00,2.00,8.00,15.00,2.00,4.00,9.00,8.00,2.00,0.00,1.00,1.00,0.00,0.00
Hull,West Brom,0.00,0.00,0.00,0.00,12.00,6.00,2.00,3.00,10.00,16.00,3.00,2.00,1.00,1.00,0.00,0.00
Liverpool,Sunderland,0.00,0.00,0.00,0.00,15.00,7.00,2.00,1.00,12.00,15.00,5.00,7.00,1.00,3.00,0.00,0.00
Man City,Everton,1.00,0.00,1.00,0.00,19.00,9.00,3.00,2.00,8.00,11.00,11.00,7.00,3.00,3.00,0.00,0.00
Newcastle,Chelsea,2.00,1.00,0.00,0.00,9.00,26.00,3.00,8.00,8.00,6.00,1.00,10.00,2.00,3.00,1.00,0.00
QPR,Burnley,2.00,0.00,0.00,0.00,11.00,15.00,6.00,3.00,12.00,12.00,3.00,11.00,1.00,1.00,1.00,0.00
Stoke,Arsenal,3.00,2.00,3.00,0.00,13.00,15.00,4.00,6.00,17.00,14.00,3.00,9.00,3.00,2.00,0.00,1.00
Tottenham,Crystal Palace,0.00,0.00,0.00,0.00,14.00,16.00,3.00,4.00,11.00,10.00,2.00,12.00,1.00,0.00,0.00,0.00
Aston Villa,Leicester,2.00,1.00,1.00,1.00,16.00,10.00,7.00,4.00,9.00,14.00,5.00,5.00,4.00,4.00,0.00,1.00
West Ham,Swansea,3.00,1.00,1.00,1.00,15.00,11.00,7.00,2.00,11.00,18.00,7.00,4.00,0.00,1.00,0.00,1.00
Southampton,Man United,1.00,2.00,1.00,1.00,15.00,3.00,4.00,2.00,12.00,9.00,5.00,1.00,2.00,1.00,0.00,0.00
Arsenal,Newcastle,4.00,1.00,1.00,0.00,17.00,10.00,4.00,4.00,14.00,15.00,9.00,6.00,2.00,2.00,0.00,0.00
Burnley,Southampton,1.00,0.00,0.00,0.00,7.00,15.00,2.00,4.00,15.00,11.00,2.00,5.00,1.00,3.00,0.00,0.00
Chelsea,Hull,2.00,0.00,1.00,0.00,12.00,8.00,3.00,0.00,13.00,13.00,5.00,4.00,3.00,3.00,0.00,1.00
Crystal Palace,Stoke,1.00,1.00,1.00,1.00,10.00,7.00,3.00,3.00,12.00,11.00,9.00,8.00,2.00,0.00,0.00,0.00
Leicester,Man City,0.00,1.00,0.00,1.00,7.00,9.00,1.00,4.00,15.00,13.00,8.00,2.00,0.00,2.00,0.00,0.00
Sunderland,West Ham,1.00,1.00,1.00,1.00,13.00,19.00,4.00,8.00,11.00,18.00,6.00,8.00,2.00,2.00,0.00,0.00
West Brom,Aston Villa,1.00,0.00,0.00,0.00,13.00,7.00,5.00,2.00,17.00,12.00,4.00,2.00,4.00,2.00,0.00,1.00
Man United,Liverpool,3.00,0.00,2.00,0.00,11.00,19.00,6.00,9.00,13.00,14.00,2.00,7.00,4.00,3.00,0.00,0.00
Swansea,Tottenham,1.00,2.00,0.00,1.00,15.00,10.00,3.00,4.00,7.00,17.00,7.00,9.00,3.00,4.00,0.00,0.00
Everton,QPR,3.00,1.00,2.00,0.00,13.00,17.00,5.00,4.00,11.00,12.00,1.00,8.00,1.00,1.00,0.00,0.00
Aston Villa,Man United,1.00,1.00,1.00,0.00,10.00,16.00,4.00,9.00,9.00,10.00,3.00,9.00,1.00,1.00,1.00,0.00
Hull,Swansea,0.00,1.00,0.00,1.00,11.00,13.00,3.00,3.00,14.00,16.00,4.00,5.00,2.00,2.00,0.00,0.00
Man City,Crystal Palace,3.00,0.00,0.00,0.00,15.00,6.00,3.00,1.00,17.00,5.00,8.00,6.00,2.00,1.00,0.00,0.00
QPR,West Brom,3.00,2.00,1.00,2.00,17.00,16.00,7.00,6.00,16.00,8.00,5.00,11.00,1.00,0.00,0.00,0.00
Southampton,Everton,3.00,0.00,1.00,0.00,11.00,13.00,3.00,4.00,11.00,10.00,4.00,6.00,1.00,1.00,0.00,0.00
Tottenham,Burnley,2.00,1.00,2.00,1.00,23.00,9.00,6.00,5.00,9.00,8.00,9.00,6.00,1.00,0.00,0.00,0.00
West Ham,Leicester,2.00,0.00,1.00,0.00,10.00,10.00,2.00,4.00,8.00,17.00,9.00,4.00,0.00,3.00,0.00,0.00
Liverpool,Arsenal,2.00,2.00,1.00,1.00,27.00,7.00,10.00,3.00,6.00,14.00,10.00,6.00,0.00,3.00,1.00,0.00
Newcastle,Sunderland,0.00,1.00,0.00,0.00,15.00,16.00,7.00,3.00,15.00,15.00,7.00,1.00,4.00,4.00,0.00,0.00
Stoke,Chelsea,0.00,2.00,0.00,1.00,13.00,15.00,2.00,6.00,11.00,4.00,6.00,5.00,3.00,0.00,0.00,0.00
Arsenal,QPR,2.00,1.00,1.00,0.00,15.00,16.00,5.00,2.00,6.00,15.00,6.00,2.00,1.00,4.00,1.00,0.00
Burnley,Liverpool,0.00,1.00,0.00,0.00,16.00,10.00,0.00,3.00,7.00,5.00,8.00,2.00,0.00,1.00,0.00,0.00
Chelsea,West Ham,2.00,0.00,1.00,0.00,28.00,6.00,9.00,0.00,8.00,14.00,8.00,6.00,0.00,3.00,0.00,0.00
Crystal Palace,Southampton,1.00,3.00,0.00,1.00,11.00,13.00,4.00,6.00,15.00,10.00,8.00,4.00,1.00,0.00,0.00,0.00
Everton,Stoke,0.00,1.00,0.00,1.00,16.00,12.00,5.00,2.00,9.00,15.00,9.00,3.00,2.00,3.00,0.00,0.00
Leicester,Tottenham,1.00,2.00,0.00,1.00,22.00,8.00,6.00,3.00,10.00,14.00,11.00,1.00,1.00,2.00,0.00,0.00
Man United,Newcastle,3.00,1.00,2.00,0.00,9.00,8.00,4.00,4.00,16.00,9.00,4.00,5.00,1.00,2.00,0.00,0.00
Sunderland,Hull,1.00,3.00,1.00,1.00,12.00,13.00,3.00,5.00,12.00,6.00,10.00,4.00,4.00,2.00,0.00,0.00
Swansea,Aston Villa,1.00,0.00,1.00,0.00,7.00,11.00,2.00,3.00,17.00,12.00,4.00,0.00,1.00,4.00,0.00,0.00
West Brom,Man City,1.00,3.00,0.00,3.00,18.00,9.00,6.00,5.00,5.00,9.00,10.00,6.00,0.00,1.00,0.00,0.00
Aston Villa,Sunderland,0.00,0.00,0.00,0.00,14.00,15.00,3.00,3.00,4.00,11.00,4.00,4.00,1.00,4.00,1.00,0.00
Hull,Leicester,0.00,1.00,0.00,1.00,18.00,4.00,5.00,2.00,12.00,12.00,7.00,1.00,0.00,1.00,1.00,1.00
Man City,Burnley,2.00,2.00,2.00,0.00,17.00,12.00,6.00,3.00,18.00,9.00,10.00,3.00,4.00,1.00,0.00,0.00
Newcastle,Everton,3.00,2.00,1.00,1.00,13.00,9.00,6.00,2.00,13.00,8.00,8.00,3.00,2.00,2.00,0.00,0.00
QPR,Crystal Palace,0.00,0.00,0.00,0.00,11.00,10.00,3.00,3.00,11.00,17.00,9.00,4.00,2.00,1.00,0.00,0.00
Southampton,Chelsea,1.00,1.00,1.00,1.00,9.00,7.00,1.00,1.00,23.00,14.00,4.00,6.00,2.00,2.00,1.00,0.00
Stoke,West Brom,2.00,0.00,0.00,0.00,13.00,15.00,3.00,4.00,11.00,14.00,5.00,3.00,0.00,2.00,0.00,0.00
Tottenham,Man United,0.00,0.00,0.00,0.00,9.00,9.00,4.00,5.00,11.00,19.00,3.00,6.00,2.00,4.00,0.00,0.00
West Ham,Arsenal,1.00,2.00,0.00,2.00,14.00,21.00,4.00,7.00,12.00,13.00,7.00,8.00,3.00,3.00,0.00,0.00
Liverpool,Swansea,4.00,1.00,1.00,0.00,21.00,11.00,11.00,4.00,8.00,5.00,6.00,3.00,1.00,0.00,0.00,0.00
Aston Villa,Crystal Palace,0.00,0.00,0.00,0.00,14.00,6.00,3.00,0.00,11.00,12.00,5.00,2.00,1.00,1.00,0.00,0.00
Hull,Everton,2.00,0.00,2.00,0.00,14.00,9.00,5.00,3.00,16.00,15.00,4.00,8.00,2.00,3.00,0.00,1.00
Liverpool,Leicester,2.00,2.00,2.00,0.00,18.00,16.00,6.00,3.00,13.00,10.00,4.00,5.00,2.00,2.00,0.00,0.00
Man City,Sunderland,3.00,2.00,0.00,0.00,32.00,4.00,12.00,4.00,14.00,7.00,10.00,4.00,2.00,3.00,0.00,0.00
Newcastle,Burnley,3.00,3.00,2.00,1.00,10.00,15.00,4.00,4.00,12.00,13.00,5.00,5.00,2.00,4.00,0.00,0.00
QPR,Swansea,1.00,1.00,1.00,0.00,24.00,25.00,6.00,6.00,22.00,5.00,4.00,9.00,4.00,0.00,0.00,1.00
Southampton,Arsenal,2.00,0.00,1.00,0.00,13.00,11.00,6.00,6.00,14.00,7.00,2.00,7.00,2.00,1.00,0.00,0.00
Stoke,Man United,1.00,1.00,1.00,1.00,11.00,6.00,2.00,2.00,8.00,12.00,11.00,7.00,0.00,0.00,0.00,0.00
Tottenham,Chelsea,5.00,3.00,3.00,1.00,11.00,19.00,8.00,7.00,14.00,10.00,5.00,3.00,3.00,1.00,0.00,0.00
West Ham,West Brom,1.00,1.00,1.00,1.00,8.00,14.00,3.00,3.00,6.00,13.00,0.00,1.00,1.00,0.00,0.00,0.00
Burnley,QPR,2.00,1.00,2.00,1.00,18.00,17.00,7.00,7.00,14.00,9.00,10.00,6.00,2.00,2.00,0.00,0.00
Chelsea,Newcastle,2.00,0.00,1.00,0.00,9.00,11.00,5.00,5.00,13.00,13.00,7.00,4.00,2.00,3.00,0.00,0.00
Crystal Palace,Tottenham,2.00,1.00,0.00,0.00,21.00,9.00,7.00,5.00,9.00,14.00,4.00,6.00,5.00,3.00,0.00,0.00
Everton,Man City,1.00,1.00,0.00,0.00,11.00,18.00,4.00,2.00,9.00,10.00,4.00,9.00,1.00,2.00,0.00,0.00
Leicester,Aston Villa,1.00,0.00,1.00,0.00,11.00,12.00,3.00,1.00,18.00,6.00,6.00,6.00,1.00,1.00,1.00,1.00
Sunderland,Liverpool,0.00,1.00,0.00,1.00,5.00,21.00,1.00,4.00,12.00,11.00,6.00,6.00,1.00,4.00,1.00,0.00
Swansea,West Ham,1.00,1.00,0.00,1.00,19.00,11.00,3.00,5.00,9.00,7.00,4.00,5.00,0.00,1.00,0.00,0.00
West Brom,Hull,1.00,0.00,0.00,0.00,9.00,12.00,3.00,2.00,5.00,13.00,5.00,2.00,1.00,0.00,0.00,0.00
Arsenal,Stoke,3.00,0.00,2.00,0.00,14.00,7.00,6.00,2.00,11.00,11.00,9.00,1.00,0.00,3.00,0.00,0.00
Man United,Southampton,0.00,1.00,0.00,0.00,10.00,9.00,0.00,1.00,9.00,10.00,3.00,5.00,2.00,3.00,0.00,0.00
Arsenal,Aston Villa,1.00,3.00,1.00,1.00,16.00,9.00,4.00,4.00,15.00,18.00,4.00,3.00,4.00,5.00,1.00,0.00
Liverpool,Stoke,1.00,0.00,1.00,0.00,26.00,10.00,11.00,4.00,11.00,11.00,12.00,6.00,1.00,1.00,0.00,0.00
Norwich,Everton,2.00,2.00,0.00,0.00,8.00,19.00,2.00,6.00,13.00,10.00,6.00,8.00,2.00,0.00,0.00,0.00
Sunderland,Fulham,0.00,1.00,0.00,0.00,20.00,5.00,3.00,1.00,14.00,14.00,6.00,1.00,0.00,3.00,0.00,0.00
Swansea,Man United,1.00,4.00,0.00,2.00,17.00,15.00,6.00,7.00,13.00,10.00,7.00,4.00,1.00,3.00,0.00,0.00
West Brom,Southampton,0.00,1.00,0.00,0.00,11.00,7.00,1.00,2.00,14.00,24.00,4.00,8.00,4.00,0.00,0.00,0.00
West Ham,Cardiff,2.00,0.00,1.00,0.00,18.00,12.00,4.00,1.00,10.00,7.00,4.00,3.00,0.00,1.00,0.00,0.00
Chelsea,Hull,2.00,0.00,2.00,0.00,22.00,7.00,5.00,2.00,7.00,16.00,5.00,1.00,0.00,1.00,0.00,0.00
Crystal Palace,Tottenham,0.00,1.00,0.00,0.00,5.00,17.00,3.00,2.00,6.00,9.00,3.00,7.00,1.00,0.00,0.00,0.00
Man City,Newcastle,4.00,0.00,2.00,0.00,20.00,5.00,11.00,1.00,9.00,7.00,8.00,1.00,2.00,3.00,0.00,1.00
Chelsea,Aston Villa,2.00,1.00,1.00,1.00,15.00,7.00,3.00,3.00,12.00,13.00,1.00,2.00,1.00,4.00,0.00,0.00
Aston Villa,Liverpool,0.00,1.00,0.00,1.00,17.00,5.00,3.00,1.00,9.00,8.00,8.00,2.00,3.00,3.00,0.00,0.00
Everton,West Brom,0.00,0.00,0.00,0.00,22.00,7.00,8.00,2.00,14.00,15.00,11.00,1.00,1.00,1.00,0.00,0.00
Fulham,Arsenal,1.00,3.00,0.00,2.00,16.00,18.00,7.00,7.00,10.00,8.00,1.00,8.00,2.00,2.00,0.00,0.00
Hull,Norwich,1.00,0.00,1.00,0.00,6.00,13.00,1.00,4.00,14.00,19.00,1.00,5.00,1.00,1.00,1.00,0.00
Newcastle,West Ham,0.00,0.00,0.00,0.00,16.00,6.00,0.00,1.00,12.00,14.00,5.00,4.00,0.00,1.00,0.00,0.00
Southampton,Sunderland,1.00,1.00,0.00,1.00,17.00,8.00,6.00,3.00,12.00,13.00,5.00,2.00,2.00,2.00,0.00,0.00
Stoke,Crystal Palace,2.00,1.00,0.00,1.00,14.00,14.00,5.00,5.00,13.00,6.00,7.00,0.00,3.00,0.00,0.00,0.00
Cardiff,Man City,3.00,2.00,0.00,0.00,9.00,16.00,6.00,5.00,2.00,9.00,3.00,8.00,0.00,0.00,0.00,0.00
Tottenham,Swansea,1.00,0.00,0.00,0.00,19.00,7.00,5.00,5.00,10.00,15.00,8.00,3.00,1.00,4.00,0.00,0.00
Man United,Chelsea,0.00,0.00,0.00,0.00,13.00,8.00,3.00,4.00,9.00,9.00,4.00,1.00,0.00,2.00,0.00,0.00
Cardiff,Everton,0.00,0.00,0.00,0.00,4.00,13.00,1.00,3.00,11.00,9.00,4.00,5.00,1.00,1.00,0.00,0.00
Crystal Palace,Sunderland,3.00,1.00,1.00,0.00,17.00,10.00,6.00,2.00,6.00,6.00,6.00,6.00,1.00,0.00,0.00,1.00
Man City,Hull,2.00,0.00,0.00,0.00,12.00,7.00,6.00,2.00,15.00,14.00,7.00,4.00,2.00,3.00,0.00,0.00
Newcastle,Fulham,1.00,0.00,0.00,0.00,24.00,3.00,9.00,2.00,13.00,9.00,13.00,2.00,2.00,2.00,0.00,0.00
Norwich,Southampton,1.00,0.00,0.00,0.00,15.00,11.00,4.00,2.00,11.00,15.00,5.00,5.00,0.00,0.00,0.00,0.00
West Ham,Stoke,0.00,1.00,0.00,0.00,9.00,15.00,0.00,5.00,10.00,12.00,3.00,4.00,2.00,1.00,0.00,0.00
Arsenal,Tottenham,1.00,0.00,1.00,0.00,12.00,14.00,5.00,4.00,15.00,14.00,3.00,6.00,2.00,2.00,0.00,0.00
Liverpool,Man United,1.00,0.00,1.00,0.00,10.00,10.00,5.00,4.00,15.00,15.00,2.00,7.00,2.00,4.00,0.00,0.00
West Brom,Swansea,0.00,2.00,0.00,1.00,10.00,12.00,1.00,4.00,10.00,14.00,2.00,3.00,4.00,3.00,0.00,0.00
Aston Villa,Newcastle,1.00,2.00,0.00,1.00,10.00,17.00,1.00,8.00,9.00,11.00,4.00,2.00,1.00,4.00,0.00,0.00
Everton,Chelsea,1.00,0.00,1.00,0.00,11.00,22.00,5.00,5.00,10.00,12.00,5.00,7.00,0.00,4.00,0.00,0.00
Fulham,West Brom,1.00,1.00,1.00,0.00,12.00,12.00,2.00,4.00,9.00,12.00,4.00,5.00,0.00,1.00,0.00,0.00
Hull,Cardiff,1.00,1.00,1.00,0.00,18.00,10.00,5.00,2.00,8.00,8.00,6.00,2.00,1.00,2.00,0.00,0.00
Man United,Crystal Palace,2.00,0.00,1.00,0.00,19.00,4.00,7.00,0.00,8.00,11.00,10.00,1.00,1.00,2.00,0.00,1.00
Stoke,Man City,0.00,0.00,0.00,0.00,11.00,10.00,3.00,3.00,13.00,11.00,2.00,4.00,1.00,1.00,0.00,0.00
Sunderland,Arsenal,1.00,3.00,0.00,1.00,17.00,14.00,2.00,6.00,12.00,10.00,6.00,7.00,1.00,2.00,0.00,0.00
Tottenham,Norwich,2.00,0.00,1.00,0.00,23.00,4.00,7.00,1.00,2.00,12.00,8.00,1.00,1.00,3.00,0.00,0.00
Southampton,West Ham,0.00,0.00,0.00,0.00,15.00,6.00,5.00,1.00,12.00,10.00,10.00,4.00,1.00,3.00,0.00,0.00
Swansea,Liverpool,2.00,2.00,1.00,2.00,17.00,12.00,8.00,5.00,7.00,10.00,3.00,7.00,2.00,3.00,0.00,0.00
Chelsea,Fulham,2.00,0.00,0.00,0.00,26.00,4.00,10.00,1.00,11.00,9.00,13.00,3.00,0.00,0.00,0.00,0.00
Liverpool,Southampton,0.00,1.00,0.00,0.00,10.00,12.00,5.00,7.00,6.00,9.00,6.00,6.00,0.00,1.00,0.00,0.00
Newcastle,Hull,2.00,3.00,2.00,1.00,15.00,12.00,2.00,5.00,11.00,8.00,3.00,3.00,1.00,1.00,0.00,0.00
Norwich,Aston Villa,0.00,1.00,0.00,1.00,12.00,16.00,1.00,4.00,15.00,10.00,7.00,4.00,1.00,0.00,0.00,0.00
West Brom,Sunderland,3.00,0.00,1.00,0.00,13.00,7.00,4.00,0.00,9.00,10.00,5.00,6.00,0.00,2.00,0.00,0.00
West Ham,Everton,2.00,3.00,1.00,0.00,9.00,10.00,1.00,4.00,16.00,12.00,5.00,5.00,2.00,1.00,1.00,0.00
Arsenal,Stoke,3.00,1.00,2.00,1.00,16.00,9.00,8.00,3.00,8.00,15.00,6.00,7.00,0.00,2.00,0.00,0.00
Cardiff,Tottenham,0.00,1.00,0.00,0.00,6.00,29.00,0.00,12.00,5.00,7.00,2.00,12.00,1.00,4.00,0.00,0.00
Crystal Palace,Swansea,0.00,2.00,0.00,1.00,9.00,15.00,1.00,7.00,13.00,9.00,6.00,7.00,2.00,2.00,0.00,0.00
Man City,Man United,4.00,1.00,2.00,0.00,18.00,14.00,5.00,3.00,8.00,12.00,8.00,4.00,1.00,2.00,0.00,0.00
Aston Villa,Man City,3.00,2.00,0.00,1.00,8.00,20.00,4.00,7.00,13.00,9.00,2.00,13.00,1.00,1.00,0.00,0.00
Fulham,Cardiff,1.00,2.00,1.00,1.00,9.00,22.00,5.00,4.00,14.00,13.00,11.00,10.00,1.00,1.00,0.00,0.00
Hull,West Ham,1.00,0.00,1.00,0.00,9.00,18.00,2.00,5.00,11.00,12.00,6.00,6.00,1.00,2.00,0.00,0.00
Man United,West Brom,1.00,2.00,0.00,0.00,14.00,12.00,6.00,4.00,10.00,14.00,5.00,8.00,3.00,2.00,0.00,0.00
Southampton,Crystal Palace,2.00,0.00,0.00,0.00,12.00,8.00,3.00,0.00,11.00,12.00,8.00,2.00,1.00,2.00,0.00,0.00
Swansea,Arsenal,1.00,2.00,0.00,0.00,10.00,10.00,3.00,4.00,5.00,11.00,4.00,3.00,3.00,2.00,0.00,0.00
Tottenham,Chelsea,1.00,1.00,1.00,0.00,12.00,11.00,4.00,5.00,14.00,14.00,4.00,5.00,5.00,1.00,0.00,1.00
Stoke,Norwich,0.00,1.00,0.00,1.00,8.00,8.00,1.00,3.00,14.00,12.00,7.00,3.00,2.00,1.00,0.00,0.00
Sunderland,Liverpool,1.00,3.00,0.00,2.00,23.00,15.00,5.00,6.00,8.00,10.00,10.00,8.00,2.00,1.00,0.00,0.00
Everton,Newcastle,3.00,2.00,3.00,0.00,18.00,15.00,7.00,6.00,5.00,15.00,1.00,1.00,3.00,1.00,0.00,0.00
Cardiff,Newcastle,1.00,2.00,0.00,2.00,8.00,20.00,2.00,10.00,11.00,8.00,3.00,3.00,1.00,0.00,0.00,0.00
Fulham,Stoke,1.00,0.00,0.00,0.00,9.00,16.00,2.00,3.00,11.00,13.00,7.00,5.00,3.00,2.00,0.00,0.00
Hull,Aston Villa,0.00,0.00,0.00,0.00,6.00,18.00,1.00,4.00,7.00,11.00,7.00,7.00,2.00,1.00,0.00,0.00
Liverpool,Crystal Palace,3.00,1.00,3.00,0.00,13.00,11.00,7.00,2.00,11.00,6.00,11.00,3.00,2.00,1.00,0.00,0.00
Man City,Everton,3.00,1.00,2.00,1.00,12.00,6.00,6.00,4.00,15.00,10.00,8.00,1.00,5.00,4.00,0.00,0.00
Sunderland,Man United,1.00,2.00,1.00,0.00,6.00,13.00,2.00,6.00,15.00,13.00,4.00,4.00,2.00,4.00,0.00,0.00
Norwich,Chelsea,1.00,3.00,0.00,1.00,14.00,22.00,3.00,8.00,12.00,9.00,4.00,6.00,1.00,1.00,0.00,0.00
Southampton,Swansea,2.00,0.00,1.00,0.00,12.00,17.00,4.00,7.00,13.00,8.00,7.00,4.00,3.00,1.00,0.00,0.00
Tottenham,West Ham,0.00,3.00,0.00,0.00,14.00,16.00,4.00,5.00,5.00,9.00,6.00,7.00,0.00,0.00,0.00,0.00
West Brom,Arsenal,1.00,1.00,1.00,0.00,12.00,14.00,4.00,5.00,6.00,11.00,6.00,2.00,1.00,2.00,0.00,0.00
Arsenal,Norwich,4.00,1.00,1.00,0.00,20.00,12.00,11.00,6.00,8.00,7.00,10.00,1.00,0.00,0.00,0.00,0.00
Chelsea,Cardiff,4.00,1.00,1.00,1.00,20.00,13.00,7.00,3.00,12.00,5.00,6.00,9.00,1.00,2.00,0.00,0.00
Everton,Hull,2.00,1.00,1.00,1.00,14.00,9.00,6.00,1.00,7.00,17.00,5.00,7.00,3.00,1.00,0.00,0.00
Man United,Southampton,1.00,1.00,1.00,0.00,12.00,18.00,5.00,7.00,10.00,19.00,4.00,4.00,2.00,3.00,0.00,0.00
Newcastle,Liverpool,2.00,2.00,1.00,1.00,14.00,23.00,4.00,7.00,8.00,10.00,3.00,13.00,2.00,3.00,1.00,0.00
Stoke,West Brom,0.00,0.00,0.00,0.00,9.00,12.00,3.00,5.00,12.00,10.00,6.00,6.00,1.00,0.00,0.00,0.00
Swansea,Sunderland,4.00,0.00,0.00,0.00,14.00,6.00,6.00,1.00,12.00,13.00,7.00,2.00,1.00,2.00,0.00,0.00
West Ham,Man City,1.00,3.00,0.00,1.00,11.00,16.00,2.00,9.00,7.00,12.00,5.00,5.00,1.00,2.00,0.00,0.00
Aston Villa,Tottenham,0.00,2.00,0.00,1.00,15.00,13.00,2.00,6.00,13.00,12.00,4.00,7.00,3.00,4.00,0.00,0.00
Crystal Palace,Fulham,1.00,4.00,1.00,2.00,14.00,9.00,4.00,6.00,10.00,13.00,5.00,7.00,0.00,1.00,0.00,0.00
Aston Villa,Everton,0.00,2.00,0.00,0.00,14.00,15.00,3.00,4.00,14.00,8.00,8.00,6.00,0.00,2.00,0.00,0.00
Crystal Palace,Arsenal,0.00,2.00,0.00,0.00,13.00,10.00,4.00,4.00,12.00,8.00,4.00,3.00,0.00,0.00,0.00,1.00
Liverpool,West Brom,4.00,1.00,2.00,0.00,18.00,15.00,7.00,3.00,14.00,11.00,3.00,9.00,0.00,2.00,0.00,0.00
Man United,Stoke,3.00,2.00,1.00,2.00,19.00,10.00,5.00,5.00,8.00,18.00,12.00,2.00,2.00,6.00,0.00,0.00
Norwich,Cardiff,0.00,0.00,0.00,0.00,31.00,6.00,10.00,4.00,8.00,10.00,13.00,2.00,1.00,1.00,0.00,0.00
Southampton,Fulham,2.00,0.00,2.00,0.00,20.00,1.00,6.00,0.00,12.00,8.00,10.00,3.00,0.00,2.00,0.00,0.00
Chelsea,Man City,2.00,1.00,1.00,0.00,12.00,15.00,4.00,6.00,11.00,15.00,3.00,6.00,2.00,3.00,0.00,0.00
Sunderland,Newcastle,2.00,1.00,1.00,0.00,8.00,16.00,4.00,4.00,13.00,14.00,5.00,3.00,1.00,1.00,0.00,0.00
Swansea,West Ham,0.00,0.00,0.00,0.00,10.00,15.00,5.00,4.00,12.00,14.00,9.00,6.00,1.00,3.00,0.00,0.00
Tottenham,Hull,1.00,0.00,0.00,0.00,15.00,10.00,6.00,4.00,13.00,10.00,6.00,4.00,3.00,3.00,0.00,0.00
Arsenal,Liverpool,2.00,0.00,1.00,0.00,12.00,12.00,7.00,4.00,11.00,7.00,3.00,5.00,2.00,1.00,0.00,0.00
Fulham,Man United,1.00,3.00,0.00,3.00,15.00,10.00,6.00,4.00,6.00,12.00,4.00,4.00,2.00,1.00,0.00,0.00
Hull,Sunderland,1.00,0.00,1.00,0.00,25.00,9.00,2.00,1.00,17.00,11.00,4.00,2.00,2.00,0.00,0.00,2.00
Man City,Norwich,7.00,0.00,4.00,0.00,27.00,7.00,9.00,1.00,6.00,9.00,10.00,3.00,1.00,1.00,0.00,0.00
Newcastle,Chelsea,2.00,0.00,0.00,0.00,15.00,13.00,8.00,2.00,13.00,11.00,3.00,8.00,2.00,2.00,0.00,0.00
Stoke,Southampton,1.00,1.00,1.00,1.00,9.00,10.00,3.00,2.00,13.00,13.00,5.00,5.00,3.00,1.00,0.00,0.00
West Brom,Crystal Palace,2.00,0.00,1.00,0.00,9.00,12.00,4.00,4.00,11.00,9.00,10.00,3.00,0.00,1.00,0.00,0.00
West Ham,Aston Villa,0.00,0.00,0.00,0.00,17.00,8.00,4.00,2.00,8.00,15.00,5.00,1.00,0.00,2.00,0.00,0.00
Cardiff,Swansea,1.00,0.00,0.00,0.00,9.00,10.00,3.00,3.00,11.00,7.00,6.00,3.00,1.00,1.00,0.00,1.00
Everton,Tottenham,0.00,0.00,0.00,0.00,8.00,16.00,1.00,6.00,11.00,9.00,7.00,4.00,4.00,1.00,0.00,0.00
Aston Villa,Cardiff,2.00,0.00,0.00,0.00,17.00,8.00,6.00,2.00,10.00,3.00,5.00,3.00,1.00,1.00,0.00,0.00
Chelsea,West Brom,2.00,2.00,1.00,0.00,17.00,11.00,7.00,3.00,11.00,15.00,9.00,4.00,3.00,7.00,0.00,0.00
Crystal Palace,Everton,0.00,0.00,0.00,0.00,9.00,15.00,2.00,2.00,16.00,8.00,4.00,7.00,1.00,0.00,0.00,0.00
Liverpool,Fulham,4.00,0.00,3.00,0.00,32.00,4.00,10.00,1.00,13.00,9.00,9.00,3.00,0.00,1.00,0.00,0.00
Norwich,West Ham,3.00,1.00,0.00,1.00,15.00,12.00,6.00,4.00,12.00,11.00,4.00,2.00,1.00,1.00,0.00,0.00
Southampton,Hull,4.00,1.00,3.00,0.00,15.00,10.00,7.00,2.00,10.00,15.00,6.00,5.00,1.00,2.00,0.00,0.00
Man United,Arsenal,1.00,0.00,1.00,0.00,5.00,10.00,2.00,2.00,12.00,11.00,5.00,6.00,2.00,3.00,0.00,0.00
Sunderland,Man City,1.00,0.00,1.00,0.00,5.00,24.00,2.00,4.00,6.00,13.00,0.00,14.00,0.00,1.00,0.00,0.00
Swansea,Stoke,3.00,3.00,0.00,2.00,17.00,6.00,6.00,3.00,12.00,15.00,14.00,3.00,5.00,3.00,0.00,0.00
Tottenham,Newcastle,0.00,1.00,0.00,1.00,31.00,8.00,14.00,4.00,5.00,15.00,11.00,4.00,1.00,2.00,0.00,0.00
Arsenal,Southampton,2.00,0.00,1.00,0.00,9.00,10.00,4.00,4.00,10.00,14.00,5.00,6.00,0.00,3.00,0.00,0.00
Everton,Liverpool,3.00,3.00,1.00,2.00,18.00,11.00,12.00,5.00,16.00,15.00,6.00,7.00,4.00,3.00,0.00,0.00
Fulham,Swansea,1.00,2.00,0.00,0.00,9.00,21.00,3.00,5.00,11.00,9.00,8.00,8.00,3.00,1.00,0.00,0.00
Hull,Crystal Palace,0.00,1.00,0.00,0.00,15.00,9.00,2.00,2.00,8.00,11.00,11.00,4.00,2.00,1.00,0.00,1.00
Newcastle,Norwich,2.00,1.00,2.00,0.00,21.00,10.00,5.00,2.00,8.00,7.00,6.00,5.00,0.00,1.00,0.00,0.00
Stoke,Sunderland,2.00,0.00,1.00,0.00,17.00,11.00,5.00,3.00,11.00,5.00,3.00,7.00,2.00,1.00,0.00,1.00
West Ham,Chelsea,0.00,3.00,0.00,2.00,8.00,20.00,1.00,8.00,12.00,10.00,8.00,4.00,0.00,0.00,0.00,0.00
Cardiff,Man United,2.00,2.00,1.00,2.00,14.00,16.00,4.00,5.00,15.00,14.00,2.00,8.00,4.00,2.00,0.00,0.00
Man City,Tottenham,6.00,0.00,3.00,0.00,15.00,13.00,10.00,5.00,7.00,11.00,4.00,7.00,1.00,3.00,0.00,0.00
West Brom,Aston Villa,2.00,2.00,2.00,0.00,11.00,15.00,4.00,7.00,9.00,14.00,4.00,2.00,1.00,2.00,0.00,0.00
Aston Villa,Sunderland,0.00,0.00,0.00,0.00,13.00,7.00,4.00,1.00,14.00,12.00,7.00,6.00,2.00,1.00,0.00,0.00
Cardiff,Arsenal,0.00,3.00,0.00,1.00,10.00,15.00,4.00,6.00,6.00,8.00,3.00,3.00,0.00,3.00,0.00,0.00
Everton,Stoke,4.00,0.00,1.00,0.00,22.00,4.00,12.00,3.00,9.00,16.00,9.00,3.00,0.00,3.00,0.00,0.00
Newcastle,West Brom,2.00,1.00,1.00,0.00,14.00,14.00,6.00,1.00,15.00,15.00,3.00,3.00,1.00,2.00,0.00,0.00
Norwich,Crystal Palace,1.00,0.00,1.00,0.00,10.00,13.00,3.00,3.00,12.00,14.00,5.00,4.00,1.00,2.00,0.00,0.00
West Ham,Fulham,3.00,0.00,0.00,0.00,23.00,10.00,12.00,0.00,11.00,8.00,6.00,3.00,3.00,2.00,0.00,0.00
Chelsea,Southampton,3.00,1.00,0.00,1.00,16.00,9.00,7.00,1.00,15.00,14.00,8.00,4.00,1.00,4.00,0.00,0.00
Hull,Liverpool,3.00,1.00,1.00,1.00,12.00,9.00,4.00,4.00,10.00,16.00,2.00,6.00,2.00,0.00,0.00,0.00
Man City,Swansea,3.00,0.00,1.00,0.00,22.00,9.00,7.00,4.00,7.00,8.00,5.00,4.00,1.00,0.00,0.00,0.00
Tottenham,Man United,2.00,2.00,1.00,1.00,10.00,8.00,4.00,3.00,9.00,15.00,7.00,7.00,1.00,3.00,0.00,0.00
Crystal Palace,West Ham,1.00,0.00,1.00,0.00,10.00,11.00,5.00,2.00,10.00,9.00,3.00,4.00,1.00,2.00,0.00,0.00
Arsenal,Hull,2.00,0.00,1.00,0.00,20.00,7.00,7.00,2.00,9.00,6.00,11.00,1.00,0.00,0.00,0.00,0.00
Fulham,Tottenham,1.00,2.00,0.00,0.00,16.00,18.00,6.00,5.00,7.00,16.00,9.00,7.00,2.00,1.00,0.00,0.00
Liverpool,Norwich,5.00,1.00,3.00,0.00,28.00,14.00,12.00,5.00,10.00,6.00,4.00,0.00,3.00,1.00,0.00,0.00
Man United,Everton,0.00,1.00,0.00,0.00,18.00,15.00,6.00,4.00,12.00,12.00,7.00,4.00,2.00,0.00,0.00,0.00
Southampton,Aston Villa,2.00,3.00,0.00,1.00,21.00,6.00,9.00,3.00,9.00,13.00,8.00,2.00,3.00,2.00,0.00,0.00
Stoke,Cardiff,0.00,0.00,0.00,0.00,17.00,14.00,2.00,3.00,11.00,12.00,2.00,5.00,2.00,2.00,0.00,0.00
Sunderland,Chelsea,3.00,4.00,1.00,2.00,12.00,19.00,3.00,5.00,15.00,14.00,6.00,5.00,4.00,3.00,0.00,0.00
Swansea,Newcastle,3.00,0.00,1.00,0.00,13.00,14.00,5.00,3.00,4.00,8.00,5.00,1.00,0.00,2.00,0.00,0.00
West Brom,Man City,2.00,3.00,0.00,2.00,12.00,15.00,1.00,5.00,8.00,10.00,3.00,3.00,1.00,1.00,0.00,0.00
Crystal Palace,Cardiff,2.00,0.00,1.00,0.00,19.00,10.00,5.00,2.00,9.00,12.00,8.00,3.00,0.00,0.00,0.00,0.00
Liverpool,West Ham,4.00,1.00,1.00,0.00,32.00,8.00,9.00,1.00,9.00,12.00,8.00,4.00,0.00,3.00,0.00,1.00
Man United,Newcastle,0.00,1.00,0.00,0.00,8.00,9.00,4.00,3.00,11.00,18.00,4.00,4.00,0.00,2.00,0.00,0.00
Southampton,Man City,1.00,1.00,1.00,1.00,15.00,13.00,4.00,3.00,6.00,9.00,5.00,4.00,0.00,2.00,0.00,0.00
Stoke,Chelsea,3.00,2.00,1.00,1.00,9.00,15.00,3.00,6.00,14.00,8.00,5.00,2.00,4.00,1.00,0.00,0.00
Sunderland,Tottenham,1.00,2.00,1.00,1.00,11.00,22.00,4.00,5.00,14.00,9.00,4.00,10.00,2.00,0.00,0.00,0.00
West Brom,Norwich,0.00,2.00,0.00,1.00,26.00,8.00,12.00,3.00,10.00,6.00,10.00,3.00,1.00,3.00,0.00,0.00
Arsenal,Everton,1.00,1.00,0.00,0.00,11.00,12.00,5.00,4.00,13.00,11.00,3.00,2.00,0.00,4.00,0.00,0.00
Fulham,Aston Villa,2.00,0.00,2.00,0.00,22.00,10.00,10.00,2.00,12.00,13.00,4.00,7.00,0.00,2.00,0.00,0.00
Swansea,Hull,1.00,1.00,0.00,1.00,11.00,9.00,2.00,2.00,8.00,7.00,12.00,1.00,3.00,3.00,0.00,0.00
Cardiff,West Brom,1.00,0.00,0.00,0.00,11.00,12.00,3.00,2.00,16.00,12.00,8.00,6.00,2.00,1.00,0.00,0.00
Chelsea,Crystal Palace,2.00,1.00,2.00,1.00,16.00,10.00,7.00,5.00,13.00,7.00,3.00,1.00,2.00,1.00,0.00,0.00
Everton,Fulham,4.00,1.00,1.00,0.00,22.00,16.00,7.00,3.00,10.00,7.00,12.00,2.00,1.00,2.00,0.00,0.00
Hull,Stoke,0.00,0.00,0.00,0.00,13.00,11.00,4.00,2.00,11.00,13.00,7.00,5.00,1.00,0.00,0.00,0.00
Man City,Arsenal,6.00,3.00,2.00,1.00,22.00,12.00,7.00,6.00,12.00,6.00,8.00,8.00,2.00,1.00,0.00,0.00
Newcastle,Southampton,1.00,1.00,1.00,0.00,16.00,8.00,5.00,3.00,10.00,16.00,11.00,3.00,1.00,2.00,0.00,0.00
West Ham,Sunderland,0.00,0.00,0.00,0.00,11.00,19.00,2.00,6.00,11.00,5.00,2.00,9.00,1.00,0.00,0.00,0.00
Aston Villa,Man United,0.00,3.00,0.00,2.00,17.00,14.00,6.00,5.00,15.00,8.00,3.00,4.00,4.00,2.00,0.00,0.00
Norwich,Swansea,1.00,1.00,1.00,1.00,16.00,10.00,3.00,2.00,12.00,11.00,8.00,5.00,0.00,3.00,0.00,0.00
Tottenham,Liverpool,0.00,5.00,0.00,2.00,9.00,21.00,0.00,10.00,17.00,15.00,2.00,9.00,3.00,0.00,1.00,0.00
Crystal Palace,Newcastle,0.00,3.00,0.00,2.00,9.00,13.00,4.00,6.00,11.00,14.00,3.00,7.00,1.00,2.00,0.00,0.00
Fulham,Man City,2.00,4.00,0.00,2.00,12.00,17.00,5.00,10.00,7.00,15.00,4.00,4.00,1.00,1.00,0.00,0.00
Liverpool,Cardiff,3.00,1.00,3.00,0.00,27.00,10.00,7.00,3.00,11.00,13.00,9.00,5.00,2.00,0.00,0.00,0.00
Man United,West Ham,3.00,1.00,2.00,0.00,21.00,4.00,8.00,1.00,7.00,16.00,8.00,2.00,1.00,4.00,0.00,0.00
Stoke,Aston Villa,2.00,1.00,0.00,0.00,12.00,14.00,2.00,4.00,13.00,17.00,6.00,7.00,1.00,5.00,0.00,0.00
Sunderland,Norwich,0.00,0.00,0.00,0.00,18.00,14.00,4.00,5.00,13.00,10.00,6.00,7.00,2.00,1.00,1.00,0.00
West Brom,Hull,1.00,1.00,0.00,1.00,14.00,6.00,3.00,3.00,8.00,15.00,9.00,2.00,2.00,1.00,0.00,0.00
Southampton,Tottenham,2.00,3.00,1.00,1.00,12.00,13.00,5.00,3.00,10.00,18.00,2.00,5.00,1.00,1.00,0.00,0.00
Swansea,Everton,1.00,2.00,0.00,0.00,13.00,14.00,3.00,6.00,11.00,10.00,4.00,8.00,1.00,0.00,0.00,0.00
Arsenal,Chelsea,0.00,0.00,0.00,0.00,7.00,13.00,2.00,4.00,7.00,11.00,8.00,6.00,2.00,1.00,0.00,0.00
Aston Villa,Crystal Palace,0.00,1.00,0.00,0.00,10.00,12.00,4.00,7.00,11.00,8.00,7.00,5.00,2.00,2.00,0.00,0.00
Cardiff,Southampton,0.00,3.00,0.00,3.00,9.00,11.00,0.00,6.00,11.00,13.00,6.00,3.00,1.00,2.00,0.00,0.00
Chelsea,Swansea,1.00,0.00,1.00,0.00,19.00,8.00,7.00,1.00,14.00,9.00,13.00,7.00,1.00,0.00,0.00,0.00
Everton,Sunderland,0.00,1.00,0.00,1.00,26.00,13.00,9.00,6.00,11.00,7.00,11.00,2.00,1.00,0.00,1.00,0.00
Hull,Man United,2.00,3.00,2.00,2.00,17.00,13.00,5.00,4.00,12.00,14.00,6.00,5.00,2.00,2.00,0.00,1.00
Man City,Liverpool,2.00,1.00,2.00,1.00,20.00,12.00,6.00,5.00,10.00,9.00,7.00,6.00,1.00,3.00,0.00,0.00
Newcastle,Stoke,5.00,1.00,1.00,1.00,27.00,11.00,8.00,3.00,10.00,8.00,8.00,2.00,1.00,1.00,0.00,2.00
Norwich,Fulham,1.00,2.00,1.00,1.00,12.00,15.00,3.00,7.00,14.00,10.00,5.00,4.00,3.00,0.00,0.00,0.00
Tottenham,West Brom,1.00,1.00,1.00,1.00,20.00,7.00,3.00,4.00,8.00,12.00,12.00,2.00,3.00,2.00,0.00,0.00
West Ham,Arsenal,1.00,3.00,0.00,0.00,12.00,29.00,5.00,8.00,11.00,6.00,0.00,10.00,1.00,1.00,0.00,0.00
Aston Villa,Swansea,1.00,1.00,1.00,1.00,7.00,17.00,3.00,3.00,13.00,9.00,2.00,8.00,3.00,2.00,0.00,0.00
Cardiff,Sunderland,2.00,2.00,1.00,0.00,16.00,21.00,7.00,9.00,14.00,10.00,6.00,6.00,3.00,2.00,0.00,0.00
Hull,Fulham,6.00,0.00,0.00,0.00,21.00,5.00,13.00,2.00,11.00,9.00,6.00,1.00,0.00,0.00,0.00,0.00
Man City,Crystal Palace,1.00,0.00,0.00,0.00,23.00,9.00,4.00,4.00,12.00,7.00,12.00,5.00,1.00,1.00,0.00,0.00
Norwich,Man United,0.00,1.00,0.00,0.00,15.00,7.00,4.00,3.00,11.00,10.00,8.00,3.00,4.00,3.00,0.00,0.00
West Ham,West Brom,3.00,3.00,1.00,2.00,16.00,22.00,6.00,7.00,10.00,13.00,6.00,5.00,3.00,2.00,0.00,0.00
Chelsea,Liverpool,2.00,1.00,2.00,1.00,11.00,8.00,5.00,4.00,17.00,17.00,4.00,2.00,4.00,1.00,0.00,0.00
Everton,Southampton,2.00,1.00,1.00,0.00,9.00,12.00,4.00,2.00,9.00,14.00,2.00,3.00,2.00,4.00,0.00,0.00
Newcastle,Arsenal,0.00,1.00,0.00,0.00,11.00,11.00,3.00,5.00,10.00,8.00,4.00,1.00,0.00,3.00,0.00,0.00
Tottenham,Stoke,3.00,0.00,1.00,0.00,20.00,2.00,7.00,1.00,6.00,14.00,6.00,1.00,2.00,2.00,0.00,0.00
Arsenal,Cardiff,2.00,0.00,0.00,0.00,28.00,8.00,6.00,2.00,6.00,11.00,12.00,2.00,1.00,2.00,0.00,0.00
Crystal Palace,Norwich,1.00,1.00,1.00,1.00,13.00,8.00,4.00,5.00,12.00,10.00,9.00,4.00,2.00,1.00,0.00,1.00
Fulham,West Ham,2.00,1.00,1.00,1.00,30.00,11.00,11.00,3.00,6.00,5.00,12.00,4.00,2.00,1.00,0.00,1.00
Liverpool,Hull,2.00,0.00,1.00,0.00,17.00,10.00,6.00,0.00,15.00,15.00,3.00,4.00,1.00,2.00,0.00,0.00
Man United,Tottenham,1.00,2.00,0.00,1.00,16.00,9.00,6.00,4.00,7.00,7.00,13.00,2.00,2.00,1.00,0.00,0.00
Southampton,Chelsea,0.00,3.00,0.00,0.00,12.00,11.00,2.00,5.00,13.00,10.00,6.00,8.00,4.00,1.00,0.00,0.00
Stoke,Everton,1.00,1.00,0.00,0.00,10.00,16.00,4.00,4.00,16.00,11.00,2.00,5.00,4.00,1.00,0.00,0.00
Sunderland,Aston Villa,0.00,1.00,0.00,1.00,17.00,13.00,1.00,5.00,8.00,11.00,10.00,2.00,4.00,3.00,0.00,0.00
Swansea,Man City,2.00,3.00,1.00,1.00,15.00,14.00,4.00,4.00,5.00,10.00,8.00,6.00,2.00,5.00,0.00,0.00
West Brom,Newcastle,1.00,0.00,0.00,0.00,13.00,9.00,4.00,3.00,7.00,15.00,3.00,4.00,0.00,0.00,0.00,1.00
Cardiff,West Ham,0.00,2.00,0.00,1.00,19.00,10.00,7.00,3.00,7.00,16.00,8.00,7.00,1.00,3.00,0.00,1.00
Everton,Norwich,2.00,0.00,1.00,0.00,23.00,12.00,5.00,3.00,7.00,14.00,10.00,5.00,1.00,2.00,0.00,0.00
Fulham,Sunderland,1.00,4.00,0.00,2.00,17.00,10.00,5.00,6.00,15.00,13.00,10.00,6.00,3.00,3.00,0.00,0.00
Hull,Chelsea,0.00,2.00,0.00,0.00,10.00,14.00,2.00,5.00,12.00,7.00,1.00,7.00,2.00,1.00,0.00,0.00
Man United,Swansea,2.00,0.00,0.00,0.00,16.00,13.00,5.00,2.00,9.00,10.00,3.00,5.00,0.00,2.00,0.00,0.00
Southampton,West Brom,1.00,0.00,0.00,0.00,18.00,4.00,5.00,2.00,11.00,17.00,4.00,4.00,1.00,2.00,0.00,0.00
Tottenham,Crystal Palace,2.00,0.00,0.00,0.00,10.00,14.00,4.00,2.00,12.00,12.00,5.00,11.00,1.00,2.00,0.00,0.00
Newcastle,Man City,0.00,2.00,0.00,1.00,13.00,14.00,5.00,6.00,18.00,15.00,5.00,6.00,4.00,2.00,0.00,0.00
Stoke,Liverpool,3.00,5.00,2.00,2.00,13.00,13.00,4.00,9.00,10.00,8.00,11.00,2.00,1.00,1.00,0.00,0.00
Aston Villa,Arsenal,1.00,2.00,0.00,2.00,11.00,8.00,5.00,4.00,12.00,9.00,3.00,5.00,2.00,2.00,0.00,0.00
Arsenal,Fulham,2.00,0.00,0.00,0.00,22.00,8.00,8.00,2.00,5.00,7.00,4.00,4.00,0.00,0.00,0.00,0.00
Crystal Palace,Stoke,1.00,0.00,0.00,0.00,12.00,17.00,6.00,2.00,9.00,13.00,4.00,3.00,0.00,2.00,0.00,0.00
Liverpool,Aston Villa,2.00,2.00,1.00,2.00,14.00,12.00,6.00,3.00,14.00,18.00,2.00,3.00,1.00,4.00,0.00,0.00
Man City,Cardiff,4.00,2.00,2.00,1.00,24.00,7.00,9.00,6.00,6.00,5.00,10.00,7.00,2.00,0.00,0.00,0.00
Norwich,Hull,1.00,0.00,0.00,0.00,25.00,10.00,4.00,0.00,8.00,16.00,10.00,8.00,1.00,2.00,0.00,1.00
Sunderland,Southampton,2.00,2.00,1.00,2.00,10.00,17.00,5.00,8.00,8.00,8.00,4.00,7.00,2.00,0.00,0.00,0.00
West Ham,Newcastle,1.00,3.00,1.00,2.00,11.00,19.00,2.00,9.00,9.00,6.00,4.00,3.00,0.00,0.00,0.00,0.00
Chelsea,Man United,3.00,1.00,2.00,0.00,13.00,10.00,6.00,4.00,15.00,21.00,5.00,4.00,1.00,3.00,0.00,1.00
Swansea,Tottenham,1.00,3.00,0.00,1.00,13.00,11.00,3.00,5.00,6.00,9.00,8.00,2.00,2.00,1.00,0.00,0.00
West Brom,Everton,1.00,1.00,0.00,1.00,14.00,13.00,6.00,4.00,16.00,12.00,4.00,2.00,3.00,2.00,0.00,0.00
Crystal Palace,Hull,1.00,0.00,1.00,0.00,13.00,13.00,3.00,4.00,14.00,8.00,8.00,3.00,4.00,0.00,0.00,1.00
Liverpool,Everton,4.00,0.00,3.00,0.00,20.00,18.00,9.00,4.00,11.00,13.00,5.00,8.00,0.00,3.00,0.00,0.00
Man United,Cardiff,2.00,0.00,1.00,0.00,17.00,7.00,5.00,1.00,9.00,9.00,5.00,5.00,0.00,1.00,0.00,0.00
Norwich,Newcastle,0.00,0.00,0.00,0.00,9.00,22.00,2.00,3.00,13.00,7.00,7.00,7.00,1.00,1.00,1.00,1.00
Southampton,Arsenal,2.00,2.00,1.00,0.00,13.00,7.00,5.00,4.00,11.00,4.00,7.00,5.00,1.00,1.00,0.00,1.00
Swansea,Fulham,2.00,0.00,0.00,0.00,14.00,15.00,7.00,4.00,14.00,9.00,5.00,8.00,1.00,1.00,0.00,0.00
Aston Villa,West Brom,4.00,3.00,3.00,3.00,10.00,12.00,6.00,4.00,15.00,10.00,3.00,3.00,1.00,3.00,0.00,0.00
Chelsea,West Ham,0.00,0.00,0.00,0.00,39.00,1.00,9.00,1.00,12.00,11.00,13.00,3.00,1.00,3.00,0.00,0.00
Sunderland,Stoke,1.00,0.00,1.00,0.00,16.00,14.00,6.00,5.00,16.00,15.00,2.00,3.00,2.00,2.00,0.00,1.00
Tottenham,Man City,1.00,5.00,0.00,1.00,4.00,24.00,2.00,10.00,11.00,10.00,3.00,5.00,1.00,4.00,1.00,0.00
Cardiff,Norwich,2.00,1.00,0.00,1.00,14.00,27.00,5.00,6.00,8.00,9.00,7.00,14.00,1.00,4.00,0.00,0.00
Everton,Aston Villa,2.00,1.00,0.00,1.00,13.00,4.00,6.00,1.00,4.00,18.00,13.00,1.00,1.00,0.00,0.00,0.00
Fulham,Southampton,0.00,3.00,0.00,0.00,8.00,17.00,4.00,5.00,10.00,9.00,4.00,5.00,0.00,3.00,0.00,0.00
Hull,Tottenham,1.00,1.00,1.00,0.00,9.00,19.00,4.00,3.00,13.00,9.00,4.00,10.00,1.00,1.00,0.00,0.00
Newcastle,Sunderland,0.00,3.00,0.00,2.00,28.00,16.00,10.00,5.00,18.00,13.00,7.00,3.00,2.00,2.00,0.00,0.00
Stoke,Man United,2.00,1.00,1.00,0.00,13.00,19.00,6.00,4.00,18.00,7.00,7.00,10.00,2.00,2.00,0.00,0.00
West Ham,Swansea,2.00,0.00,2.00,0.00,11.00,20.00,4.00,0.00,7.00,7.00,8.00,11.00,1.00,0.00,1.00,0.00
Arsenal,Crystal Palace,2.00,0.00,0.00,0.00,11.00,10.00,6.00,2.00,9.00,14.00,6.00,5.00,1.00,2.00,0.00,0.00
West Brom,Liverpool,1.00,1.00,0.00,1.00,12.00,12.00,4.00,3.00,13.00,15.00,3.00,4.00,4.00,2.00,0.00,0.00
Man City,Chelsea,0.00,1.00,0.00,1.00,25.00,18.00,3.00,6.00,11.00,13.00,12.00,6.00,3.00,3.00,0.00,0.00
Aston Villa,West Ham,0.00,2.00,0.00,0.00,16.00,10.00,1.00,2.00,9.00,8.00,8.00,10.00,0.00,2.00,0.00,0.00
Chelsea,Newcastle,3.00,0.00,2.00,0.00,18.00,12.00,8.00,6.00,7.00,10.00,6.00,5.00,0.00,3.00,0.00,0.00
Crystal Palace,West Brom,3.00,1.00,2.00,0.00,10.00,16.00,6.00,6.00,13.00,13.00,4.00,7.00,0.00,3.00,0.00,0.00
Liverpool,Arsenal,5.00,1.00,4.00,0.00,22.00,11.00,12.00,6.00,14.00,14.00,6.00,6.00,1.00,2.00,0.00,0.00
Norwich,Man City,0.00,0.00,0.00,0.00,7.00,15.00,2.00,2.00,7.00,6.00,4.00,14.00,2.00,1.00,0.00,0.00
Southampton,Stoke,2.00,2.00,2.00,2.00,17.00,5.00,5.00,4.00,7.00,14.00,7.00,4.00,0.00,4.00,0.00,0.00
Sunderland,Hull,0.00,2.00,0.00,1.00,7.00,25.00,3.00,9.00,12.00,16.00,2.00,6.00,1.00,3.00,1.00,0.00
Swansea,Cardiff,3.00,0.00,0.00,0.00,17.00,7.00,6.00,1.00,7.00,8.00,5.00,1.00,1.00,1.00,0.00,0.00
Man United,Fulham,2.00,2.00,0.00,1.00,31.00,6.00,9.00,3.00,3.00,6.00,10.00,1.00,0.00,0.00,0.00,0.00
Tottenham,Everton,1.00,0.00,0.00,0.00,8.00,11.00,2.00,3.00,9.00,13.00,9.00,7.00,1.00,0.00,0.00,0.00
Cardiff,Aston Villa,0.00,0.00,0.00,0.00,12.00,18.00,3.00,6.00,5.00,9.00,7.00,9.00,0.00,0.00,0.00,0.00
Hull,Southampton,0.00,1.00,0.00,0.00,12.00,16.00,4.00,7.00,6.00,8.00,2.00,2.00,0.00,3.00,0.00,0.00
West Brom,Chelsea,1.00,1.00,0.00,1.00,12.00,15.00,1.00,4.00,9.00,13.00,5.00,8.00,3.00,4.00,0.00,0.00
West Ham,Norwich,2.00,0.00,0.00,0.00,12.00,13.00,7.00,6.00,12.00,16.00,5.00,5.00,1.00,3.00,0.00,0.00
Arsenal,Man United,0.00,0.00,0.00,0.00,17.00,6.00,5.00,2.00,10.00,14.00,5.00,5.00,1.00,2.00,0.00,0.00
Fulham,Liverpool,2.00,3.00,1.00,1.00,10.00,21.00,3.00,7.00,7.00,9.00,7.00,5.00,4.00,3.00,0.00,0.00
Newcastle,Tottenham,0.00,4.00,0.00,1.00,13.00,15.00,5.00,8.00,6.00,11.00,8.00,6.00,0.00,0.00,0.00,0.00
Stoke,Swansea,1.00,1.00,1.00,0.00,7.00,13.00,4.00,3.00,11.00,12.00,2.00,5.00,2.00,2.00,0.00,0.00
Arsenal,Sunderland,4.00,1.00,3.00,0.00,12.00,7.00,9.00,3.00,10.00,11.00,7.00,3.00,0.00,1.00,0.00,0.00
Cardiff,Hull,0.00,4.00,0.00,2.00,23.00,12.00,5.00,6.00,4.00,11.00,9.00,2.00,1.00,1.00,0.00,0.00
Chelsea,Everton,1.00,0.00,0.00,0.00,25.00,8.00,8.00,2.00,15.00,12.00,8.00,8.00,1.00,2.00,0.00,0.00
Crystal Palace,Man United,0.00,2.00,0.00,0.00,15.00,14.00,6.00,5.00,12.00,10.00,6.00,4.00,0.00,2.00,0.00,0.00
Man City,Stoke,1.00,0.00,0.00,0.00,19.00,7.00,7.00,2.00,16.00,13.00,8.00,3.00,3.00,1.00,0.00,0.00
West Brom,Fulham,1.00,1.00,0.00,1.00,16.00,7.00,5.00,3.00,13.00,15.00,8.00,2.00,3.00,3.00,0.00,0.00
West Ham,Southampton,3.00,1.00,2.00,1.00,10.00,25.00,5.00,5.00,10.00,8.00,5.00,11.00,0.00,1.00,0.00,0.00
Liverpool,Swansea,4.00,3.00,3.00,2.00,21.00,14.00,10.00,5.00,9.00,11.00,3.00,5.00,1.00,0.00,0.00,0.00
Newcastle,Aston Villa,1.00,0.00,0.00,0.00,23.00,10.00,5.00,2.00,12.00,10.00,10.00,1.00,2.00,2.00,0.00,0.00
Norwich,Tottenham,1.00,0.00,0.00,0.00,13.00,9.00,3.00,2.00,8.00,15.00,5.00,3.00,1.00,3.00,0.00,0.00
Everton,West Ham,1.00,0.00,0.00,0.00,22.00,6.00,3.00,1.00,9.00,8.00,11.00,5.00,1.00,1.00,0.00,0.00
Fulham,Chelsea,1.00,3.00,0.00,0.00,7.00,17.00,3.00,8.00,14.00,13.00,5.00,4.00,2.00,1.00,0.00,0.00
Hull,Newcastle,1.00,4.00,0.00,2.00,13.00,17.00,3.00,7.00,13.00,10.00,6.00,3.00,3.00,2.00,0.00,0.00
Southampton,Liverpool,0.00,3.00,0.00,1.00,13.00,12.00,2.00,5.00,10.00,6.00,3.00,6.00,1.00,2.00,0.00,0.00
Stoke,Arsenal,1.00,0.00,0.00,0.00,8.00,10.00,4.00,2.00,13.00,11.00,3.00,4.00,3.00,1.00,0.00,0.00
Aston Villa,Norwich,4.00,1.00,4.00,1.00,10.00,7.00,4.00,4.00,12.00,10.00,6.00,2.00,0.00,3.00,0.00,0.00
Swansea,Crystal Palace,1.00,1.00,1.00,0.00,7.00,7.00,5.00,4.00,8.00,11.00,1.00,4.00,1.00,4.00,1.00,0.00
Tottenham,Cardiff,1.00,0.00,1.00,0.00,15.00,8.00,6.00,2.00,11.00,12.00,4.00,7.00,1.00,3.00,0.00,0.00
Cardiff,Fulham,3.00,1.00,1.00,0.00,19.00,14.00,9.00,6.00,9.00,12.00,7.00,6.00,1.00,0.00,0.00,0.00
Chelsea,Tottenham,4.00,0.00,0.00,0.00,12.00,6.00,4.00,2.00,11.00,18.00,5.00,4.00,2.00,3.00,0.00,1.00
Crystal Palace,Southampton,0.00,1.00,0.00,1.00,6.00,11.00,1.00,3.00,14.00,18.00,8.00,3.00,1.00,5.00,0.00,0.00
Norwich,Stoke,1.00,1.00,0.00,0.00,13.00,6.00,5.00,3.00,9.00,12.00,3.00,1.00,0.00,2.00,0.00,1.00
West Brom,Man United,0.00,3.00,0.00,1.00,14.00,14.00,3.00,5.00,11.00,10.00,3.00,5.00,1.00,2.00,0.00,0.00
Aston Villa,Chelsea,1.00,0.00,0.00,0.00,13.00,15.00,4.00,2.00,14.00,8.00,4.00,5.00,4.00,0.00,0.00,2.00
Everton,Cardiff,2.00,1.00,0.00,0.00,19.00,10.00,6.00,3.00,10.00,10.00,10.00,5.00,1.00,3.00,0.00,0.00
Fulham,Newcastle,1.00,0.00,0.00,0.00,12.00,12.00,3.00,3.00,11.00,6.00,9.00,7.00,1.00,0.00,0.00,0.00
Hull,Man City,0.00,2.00,0.00,1.00,15.00,8.00,5.00,3.00,9.00,14.00,3.00,4.00,2.00,2.00,0.00,1.00
Southampton,Norwich,4.00,2.00,1.00,0.00,16.00,6.00,6.00,3.00,11.00,17.00,6.00,1.00,1.00,2.00,0.00,0.00
Stoke,West Ham,3.00,1.00,1.00,1.00,17.00,8.00,9.00,2.00,13.00,13.00,6.00,4.00,1.00,1.00,0.00,0.00
Sunderland,Crystal Palace,0.00,0.00,0.00,0.00,19.00,12.00,2.00,5.00,16.00,14.00,6.00,2.00,4.00,4.00,0.00,0.00
Swansea,West Brom,1.00,2.00,1.00,0.00,15.00,13.00,4.00,4.00,7.00,13.00,4.00,1.00,1.00,3.00,0.00,0.00
Man United,Liverpool,0.00,3.00,0.00,1.00,13.00,17.00,1.00,7.00,13.00,12.00,3.00,4.00,1.00,4.00,1.00,0.00
Tottenham,Arsenal,0.00,1.00,0.00,1.00,17.00,7.00,2.00,3.00,18.00,11.00,5.00,2.00,5.00,3.00,0.00,0.00
Cardiff,Liverpool,3.00,6.00,2.00,2.00,9.00,19.00,3.00,9.00,14.00,11.00,4.00,6.00,2.00,3.00,0.00,0.00
Chelsea,Arsenal,6.00,0.00,4.00,0.00,21.00,12.00,11.00,5.00,14.00,8.00,7.00,1.00,0.00,1.00,0.00,1.00
Everton,Swansea,3.00,2.00,1.00,1.00,9.00,21.00,6.00,7.00,9.00,6.00,5.00,12.00,0.00,0.00,0.00,0.00
Hull,West Brom,2.00,0.00,2.00,0.00,12.00,17.00,5.00,4.00,18.00,13.00,4.00,5.00,2.00,0.00,0.00,0.00
Man City,Fulham,5.00,0.00,1.00,0.00,22.00,6.00,12.00,0.00,8.00,15.00,13.00,2.00,0.00,3.00,0.00,1.00
Newcastle,Crystal Palace,1.00,0.00,0.00,0.00,21.00,8.00,8.00,1.00,4.00,8.00,9.00,5.00,0.00,1.00,0.00,0.00
Norwich,Sunderland,2.00,0.00,2.00,0.00,14.00,10.00,8.00,2.00,16.00,20.00,8.00,5.00,2.00,4.00,0.00,1.00
West Ham,Man United,0.00,2.00,0.00,2.00,10.00,16.00,1.00,7.00,8.00,8.00,12.00,7.00,2.00,1.00,0.00,0.00
Aston Villa,Stoke,1.00,4.00,1.00,3.00,12.00,10.00,3.00,5.00,16.00,10.00,5.00,3.00,5.00,1.00,0.00,0.00
Tottenham,Southampton,3.00,2.00,1.00,2.00,15.00,12.00,6.00,4.00,9.00,9.00,7.00,3.00,1.00,2.00,0.00,0.00
Arsenal,Swansea,2.00,2.00,0.00,1.00,13.00,8.00,4.00,2.00,11.00,12.00,7.00,0.00,0.00,1.00,0.00,0.00
Man United,Man City,0.00,3.00,0.00,1.00,10.00,13.00,4.00,4.00,12.00,8.00,5.00,8.00,2.00,2.00,0.00,0.00
Newcastle,Everton,0.00,3.00,0.00,1.00,16.00,8.00,3.00,6.00,8.00,10.00,9.00,8.00,0.00,1.00,0.00,0.00
Liverpool,Sunderland,2.00,1.00,1.00,0.00,21.00,12.00,7.00,4.00,5.00,15.00,3.00,4.00,0.00,2.00,0.00,0.00
West Ham,Hull,2.00,1.00,1.00,0.00,9.00,10.00,3.00,3.00,12.00,9.00,4.00,5.00,0.00,1.00,0.00,1.00
Arsenal,Man City,1.00,1.00,0.00,1.00,10.00,15.00,3.00,4.00,8.00,11.00,6.00,6.00,1.00,4.00,0.00,0.00
Crystal Palace,Chelsea,1.00,0.00,0.00,0.00,14.00,21.00,4.00,2.00,10.00,4.00,2.00,13.00,4.00,1.00,0.00,0.00
Man United,Aston Villa,4.00,1.00,2.00,1.00,9.00,10.00,6.00,1.00,10.00,16.00,0.00,5.00,2.00,4.00,0.00,0.00
Southampton,Newcastle,4.00,0.00,1.00,0.00,23.00,5.00,11.00,2.00,5.00,6.00,7.00,5.00,0.00,1.00,0.00,0.00
Stoke,Hull,1.00,0.00,0.00,0.00,15.00,5.00,3.00,3.00,9.00,9.00,8.00,1.00,2.00,0.00,0.00,0.00
Swansea,Norwich,3.00,0.00,2.00,0.00,16.00,8.00,7.00,4.00,15.00,9.00,7.00,4.00,1.00,2.00,0.00,0.00
West Brom,Cardiff,3.00,3.00,2.00,1.00,16.00,11.00,6.00,5.00,12.00,13.00,4.00,1.00,1.00,1.00,0.00,0.00
Fulham,Everton,1.00,3.00,0.00,0.00,23.00,14.00,8.00,7.00,7.00,4.00,5.00,6.00,1.00,2.00,0.00,0.00
Liverpool,Tottenham,4.00,0.00,2.00,0.00,11.00,15.00,5.00,4.00,9.00,9.00,5.00,7.00,0.00,2.00,0.00,0.00
Sunderland,West Ham,1.00,2.00,0.00,1.00,26.00,11.00,7.00,6.00,11.00,14.00,8.00,3.00,2.00,4.00,0.00,0.00
Aston Villa,Fulham,1.00,2.00,0.00,0.00,12.00,16.00,6.00,8.00,10.00,13.00,2.00,7.00,3.00,2.00,0.00,0.00
Cardiff,Crystal Palace,0.00,3.00,0.00,1.00,13.00,13.00,4.00,8.00,5.00,13.00,10.00,3.00,2.00,4.00,0.00,0.00
Chelsea,Stoke,3.00,0.00,1.00,0.00,18.00,4.00,8.00,2.00,8.00,18.00,7.00,3.00,0.00,0.00,0.00,0.00
Hull,Swansea,1.00,0.00,1.00,0.00,8.00,12.00,4.00,2.00,6.00,18.00,7.00,2.00,0.00,2.00,0.00,0.00
Man City,Southampton,4.00,1.00,3.00,1.00,15.00,5.00,8.00,1.00,9.00,15.00,5.00,9.00,3.00,0.00,0.00,0.00
Newcastle,Man United,0.00,4.00,0.00,1.00,14.00,8.00,4.00,4.00,16.00,6.00,4.00,5.00,1.00,0.00,0.00,0.00
Norwich,West Brom,0.00,1.00,0.00,1.00,12.00,8.00,4.00,5.00,10.00,11.00,7.00,3.00,1.00,0.00,0.00,0.00
Everton,Arsenal,3.00,0.00,2.00,0.00,14.00,15.00,8.00,5.00,6.00,5.00,3.00,6.00,1.00,2.00,0.00,0.00
West Ham,Liverpool,1.00,2.00,1.00,1.00,11.00,17.00,1.00,8.00,10.00,9.00,4.00,4.00,4.00,0.00,0.00,0.00
Tottenham,Sunderland,5.00,1.00,1.00,1.00,29.00,8.00,11.00,4.00,12.00,8.00,8.00,2.00,0.00,2.00,0.00,0.00
Crystal Palace,Aston Villa,1.00,0.00,0.00,0.00,14.00,7.00,4.00,4.00,7.00,12.00,2.00,4.00,0.00,2.00,0.00,0.00
Fulham,Norwich,1.00,0.00,1.00,0.00,14.00,13.00,3.00,3.00,10.00,12.00,8.00,8.00,1.00,3.00,0.00,0.00
Southampton,Cardiff,0.00,1.00,0.00,0.00,19.00,6.00,7.00,4.00,9.00,7.00,5.00,5.00,0.00,0.00,0.00,0.00
Stoke,Newcastle,1.00,0.00,1.00,0.00,10.00,13.00,3.00,1.00,12.00,11.00,4.00,5.00,1.00,1.00,0.00,0.00
Sunderland,Everton,0.00,1.00,0.00,0.00,24.00,20.00,6.00,3.00,17.00,15.00,6.00,6.00,3.00,1.00,0.00,0.00
West Brom,Tottenham,3.00,3.00,3.00,1.00,6.00,20.00,5.00,8.00,11.00,8.00,2.00,2.00,4.00,2.00,0.00,0.00
Liverpool,Man City,3.00,2.00,2.00,0.00,10.00,13.00,4.00,5.00,7.00,9.00,7.00,7.00,1.00,3.00,1.00,0.00
Swansea,Chelsea,0.00,1.00,0.00,0.00,7.00,26.00,4.00,3.00,8.00,13.00,5.00,12.00,0.00,2.00,1.00,0.00
Arsenal,West Ham,3.00,1.00,1.00,1.00,14.00,12.00,8.00,2.00,14.00,12.00,4.00,3.00,2.00,2.00,0.00,0.00
Everton,Crystal Palace,2.00,3.00,0.00,1.00,17.00,7.00,5.00,4.00,6.00,10.00,13.00,3.00,1.00,2.00,0.00,0.00
Man City,Sunderland,2.00,2.00,1.00,0.00,16.00,11.00,4.00,3.00,14.00,10.00,3.00,6.00,1.00,2.00,0.00,0.00
Aston Villa,Southampton,0.00,0.00,0.00,0.00,6.00,3.00,1.00,2.00,11.00,11.00,5.00,3.00,0.00,2.00,0.00,0.00
Cardiff,Stoke,1.00,1.00,0.00,1.00,13.00,14.00,4.00,5.00,6.00,12.00,12.00,7.00,2.00,3.00,0.00,0.00
Chelsea,Sunderland,1.00,2.00,1.00,1.00,31.00,7.00,15.00,3.00,11.00,14.00,10.00,4.00,1.00,2.00,0.00,0.00
Newcastle,Swansea,1.00,2.00,1.00,1.00,14.00,10.00,4.00,2.00,6.00,9.00,2.00,8.00,2.00,0.00,0.00,0.00
Tottenham,Fulham,3.00,1.00,1.00,1.00,14.00,11.00,5.00,4.00,8.00,11.00,4.00,5.00,0.00,1.00,0.00,0.00
West Ham,Crystal Palace,0.00,1.00,0.00,0.00,13.00,11.00,4.00,3.00,7.00,16.00,3.00,11.00,1.00,1.00,0.00,0.00
Everton,Man United,2.00,0.00,2.00,0.00,17.00,9.00,5.00,2.00,9.00,8.00,6.00,5.00,2.00,2.00,0.00,0.00
Hull,Arsenal,0.00,3.00,0.00,2.00,13.00,12.00,4.00,6.00,10.00,7.00,7.00,0.00,1.00,1.00,0.00,0.00
Norwich,Liverpool,2.00,3.00,0.00,2.00,13.00,14.00,5.00,6.00,16.00,10.00,8.00,3.00,3.00,2.00,0.00,0.00
Man City,West Brom,3.00,1.00,3.00,1.00,19.00,10.00,6.00,3.00,9.00,7.00,8.00,2.00,1.00,1.00,0.00,0.00
Fulham,Hull,2.00,2.00,0.00,0.00,10.00,8.00,3.00,4.00,8.00,7.00,7.00,2.00,1.00,3.00,0.00,0.00
Man United,Norwich,4.00,0.00,1.00,0.00,25.00,9.00,11.00,2.00,13.00,9.00,5.00,3.00,1.00,1.00,0.00,0.00
Southampton,Everton,2.00,0.00,2.00,0.00,14.00,9.00,4.00,2.00,13.00,12.00,4.00,7.00,0.00,2.00,0.00,0.00
Stoke,Tottenham,0.00,1.00,0.00,1.00,17.00,16.00,3.00,4.00,11.00,6.00,4.00,3.00,1.00,2.00,1.00,0.00
Swansea,Aston Villa,4.00,1.00,2.00,1.00,11.00,11.00,8.00,3.00,9.00,12.00,9.00,6.00,1.00,3.00,0.00,0.00
West Brom,West Ham,1.00,0.00,1.00,0.00,19.00,9.00,6.00,3.00,14.00,8.00,7.00,6.00,0.00,1.00,0.00,0.00
Crystal Palace,Man City,0.00,2.00,0.00,2.00,3.00,16.00,2.00,6.00,9.00,10.00,4.00,8.00,3.00,1.00,0.00,0.00
Liverpool,Chelsea,0.00,2.00,0.00,1.00,26.00,11.00,8.00,4.00,9.00,7.00,14.00,3.00,0.00,4.00,0.00,0.00
Sunderland,Cardiff,4.00,0.00,2.00,0.00,21.00,6.00,7.00,1.00,10.00,11.00,11.00,5.00,5.00,3.00,0.00,1.00
Arsenal,Newcastle,3.00,0.00,2.00,0.00,20.00,8.00,8.00,3.00,9.00,8.00,14.00,0.00,3.00,2.00,0.00,0.00
Aston Villa,Hull,3.00,1.00,3.00,1.00,15.00,7.00,9.00,2.00,14.00,9.00,8.00,5.00,0.00,0.00,0.00,0.00
Man United,Sunderland,0.00,1.00,0.00,1.00,17.00,8.00,2.00,1.00,11.00,12.00,8.00,0.00,2.00,1.00,0.00,0.00
Newcastle,Cardiff,3.00,0.00,1.00,0.00,22.00,16.00,6.00,3.00,9.00,6.00,10.00,6.00,1.00,0.00,0.00,0.00
Stoke,Fulham,4.00,1.00,1.00,0.00,23.00,10.00,8.00,2.00,9.00,13.00,3.00,5.00,0.00,2.00,0.00,0.00
Swansea,Southampton,0.00,1.00,0.00,0.00,12.00,18.00,3.00,4.00,11.00,5.00,3.00,5.00,1.00,1.00,0.00,0.00
West Ham,Tottenham,2.00,0.00,2.00,0.00,20.00,12.00,8.00,3.00,10.00,16.00,10.00,6.00,0.00,4.00,0.00,1.00
Everton,Man City,2.00,3.00,1.00,2.00,9.00,18.00,4.00,6.00,3.00,9.00,4.00,3.00,0.00,3.00,0.00,0.00
Arsenal,West Brom,1.00,0.00,1.00,0.00,15.00,11.00,4.00,1.00,9.00,6.00,9.00,10.00,2.00,2.00,0.00,0.00
Chelsea,Norwich,0.00,0.00,0.00,0.00,23.00,6.00,4.00,3.00,9.00,17.00,5.00,2.00,1.00,3.00,0.00,0.00
Crystal Palace,Liverpool,3.00,3.00,0.00,1.00,10.00,26.00,6.00,9.00,7.00,12.00,7.00,7.00,2.00,3.00,0.00,0.00
Man United,Hull,3.00,1.00,1.00,0.00,18.00,2.00,7.00,2.00,13.00,9.00,8.00,0.00,1.00,1.00,0.00,0.00
Man City,Aston Villa,4.00,0.00,0.00,0.00,18.00,5.00,9.00,0.00,8.00,9.00,7.00,2.00,1.00,2.00,0.00,0.00
Sunderland,West Brom,2.00,0.00,2.00,0.00,10.00,13.00,4.00,3.00,14.00,12.00,5.00,0.00,0.00,0.00,0.00,0.00
Cardiff,Chelsea,1.00,2.00,1.00,0.00,10.00,28.00,4.00,7.00,7.00,9.00,3.00,8.00,1.00,2.00,0.00,0.00
Fulham,Crystal Palace,2.00,2.00,0.00,1.00,15.00,15.00,5.00,6.00,11.00,15.00,6.00,4.00,3.00,1.00,0.00,0.00
Hull,Everton,0.00,2.00,0.00,1.00,12.00,11.00,3.00,4.00,8.00,8.00,6.00,4.00,0.00,1.00,0.00,0.00
Liverpool,Newcastle,2.00,1.00,0.00,1.00,13.00,8.00,5.00,2.00,8.00,16.00,6.00,2.00,1.00,3.00,0.00,2.00
Man City,West Ham,2.00,0.00,1.00,0.00,28.00,3.00,7.00,0.00,7.00,9.00,12.00,1.00,2.00,2.00,0.00,0.00
Norwich,Arsenal,0.00,2.00,0.00,0.00,11.00,14.00,5.00,8.00,6.00,5.00,4.00,4.00,1.00,0.00,0.00,0.00
Southampton,Man United,1.00,1.00,1.00,0.00,15.00,8.00,6.00,2.00,16.00,5.00,6.00,2.00,3.00,2.00,0.00,0.00
Sunderland,Swansea,1.00,3.00,0.00,2.00,20.00,8.00,4.00,4.00,14.00,15.00,6.00,3.00,2.00,3.00,0.00,0.00
Tottenham,Aston Villa,3.00,0.00,3.00,0.00,12.00,4.00,6.00,1.00,11.00,11.00,5.00,1.00,1.00,0.00,0.00,0.00
West Brom,Stoke,1.00,2.00,0.00,1.00,17.00,15.00,4.00,4.00,4.00,7.00,11.00,6.00,0.00,0.00,0.00,0.00
