HomeTeam,AwayTeam,FTHG,FTAG,HTHG,HTAG,HS,AS,HST,AST,HF,AF,HC,AC,HY,AY,HR,AR
Accrington,Southend,0.00,1.00,0.00,0.00,6.00,10.00,0.00,7.00,13.00,8.00,2.00,4.00,2.00,2.00,0.00,0.00
AFC Wimbledon,Shrewsbury,2.00,2.00,1.00,1.00,5.00,7.00,2.00,3.00,10.00,10.00,0.00,7.00,2.00,2.00,0.00,0.00
Bury,Cheltenham,0.00,1.00,0.00,1.00,16.00,4.00,2.00,3.00,4.00,9.00,10.00,4.00,0.00,1.00,0.00,0.00
Cambridge,Plymouth,1.00,0.00,0.00,0.00,13.00,14.00,4.00,5.00,5.00,12.00,6.00,10.00,0.00,1.00,0.00,0.00
Carlisle,Luton,0.00,1.00,0.00,1.00,12.00,7.00,6.00,2.00,4.00,5.00,7.00,4.00,0.00,1.00,0.00,0.00
Dag and Red,Morecambe,0.00,3.00,0.00,0.00,9.00,13.00,3.00,10.00,7.00,12.00,8.00,3.00,0.00,2.00,0.00,0.00
Exeter,Portsmouth,1.00,1.00,1.00,0.00,4.00,13.00,4.00,4.00,4.00,11.00,4.00,10.00,1.00,1.00,0.00,0.00
Newport County,Wycombe,0.00,2.00,0.00,2.00,14.00,6.00,3.00,3.00,16.00,18.00,4.00,5.00,3.00,1.00,0.00,0.00
Northampton,Mansfield,1.00,0.00,1.00,0.00,11.00,14.00,5.00,4.00,9.00,12.00,3.00,2.00,1.00,2.00,0.00,0.00
Oxford,Burton,0.00,1.00,0.00,1.00,5.00,2.00,3.00,2.00,10.00,13.00,4.00,3.00,2.00,2.00,0.00,0.00
Stevenage,Hartlepool,1.00,0.00,0.00,0.00,15.00,8.00,6.00,0.00,9.00,12.00,5.00,7.00,0.00,0.00,0.00,0.00
Tranmere,York,1.00,1.00,0.00,0.00,7.00,9.00,2.00,4.00,5.00,12.00,6.00,6.00,0.00,1.00,0.00,0.00
Burton,Dag and Red,2.00,1.00,0.00,1.00,10.00,4.00,5.00,2.00,11.00,7.00,5.00,2.00,0.00,0.00,0.00,0.00
Cheltenham,Accrington,2.00,1.00,1.00,0.00,13.00,10.00,7.00,2.00,13.00,6.00,8.00,5.00,3.00,1.00,0.00,0.00
Hartlepool,Bury,0.00,2.00,0.00,1.00,7.00,11.00,2.00,3.00,16.00,13.00,5.00,4.00,0.00,3.00,0.00,0.00
Luton,AFC Wimbledon,0.00,1.00,0.00,1.00,17.00,9.00,5.00,3.00,6.00,14.00,5.00,5.00,1.00,1.00,0.00,0.00
Mansfield,Oxford,2.00,1.00,1.00,0.00,10.00,8.00,3.00,4.00,12.00,15.00,3.00,7.00,3.00,0.00,0.00,0.00
Morecambe,Newport County,3.00,2.00,0.00,2.00,9.00,11.00,5.00,2.00,8.00,18.00,3.00,4.00,0.00,1.00,0.00,0.00
Plymouth,Exeter,3.00,0.00,2.00,0.00,19.00,12.00,5.00,3.00,13.00,12.00,8.00,4.00,3.00,3.00,0.00,0.00
Portsmouth,Cambridge,2.00,1.00,1.00,0.00,10.00,16.00,3.00,6.00,10.00,6.00,5.00,4.00,0.00,0.00,1.00,0.00
Shrewsbury,Tranmere,2.00,1.00,0.00,1.00,9.00,6.00,5.00,3.00,13.00,10.00,9.00,3.00,1.00,1.00,0.00,0.00
Southend,Stevenage,2.00,0.00,2.00,0.00,11.00,9.00,6.00,2.00,10.00,17.00,5.00,4.00,2.00,2.00,0.00,0.00
Wycombe,Carlisle,3.00,1.00,0.00,0.00,10.00,2.00,4.00,2.00,10.00,11.00,5.00,2.00,0.00,1.00,0.00,1.00
York,Northampton,1.00,1.00,0.00,0.00,15.00,7.00,6.00,2.00,11.00,11.00,7.00,5.00,1.00,3.00,0.00,0.00
Burton,Exeter,1.00,0.00,1.00,0.00,16.00,8.00,7.00,2.00,9.00,6.00,8.00,3.00,0.00,1.00,0.00,0.00
Cheltenham,Carlisle,0.00,0.00,0.00,0.00,7.00,8.00,4.00,3.00,12.00,10.00,3.00,9.00,1.00,4.00,0.00,0.00
Hartlepool,Dag and Red,0.00,2.00,0.00,1.00,13.00,9.00,4.00,5.00,11.00,9.00,13.00,1.00,0.00,2.00,0.00,0.00
Luton,Bury,1.00,1.00,0.00,0.00,10.00,12.00,2.00,3.00,14.00,13.00,3.00,2.00,2.00,4.00,0.00,0.00
Mansfield,Newport County,1.00,0.00,1.00,0.00,7.00,12.00,5.00,4.00,12.00,11.00,4.00,12.00,3.00,0.00,0.00,0.00
Morecambe,Oxford,1.00,0.00,1.00,0.00,14.00,18.00,5.00,3.00,11.00,9.00,4.00,4.00,1.00,1.00,0.00,0.00
Plymouth,Stevenage,1.00,1.00,0.00,0.00,9.00,13.00,3.00,6.00,17.00,13.00,7.00,2.00,1.00,2.00,0.00,0.00
Portsmouth,Northampton,2.00,0.00,2.00,0.00,8.00,10.00,3.00,1.00,7.00,8.00,6.00,4.00,0.00,2.00,0.00,0.00
Shrewsbury,Accrington,4.00,0.00,3.00,0.00,16.00,6.00,8.00,1.00,6.00,12.00,10.00,1.00,0.00,1.00,0.00,1.00
Southend,AFC Wimbledon,0.00,1.00,0.00,0.00,19.00,9.00,5.00,5.00,8.00,15.00,15.00,6.00,1.00,3.00,0.00,0.00
Wycombe,Tranmere,0.00,2.00,0.00,1.00,10.00,5.00,5.00,3.00,2.00,7.00,6.00,2.00,0.00,1.00,0.00,0.00
York,Cambridge,2.00,2.00,1.00,2.00,23.00,12.00,9.00,7.00,13.00,14.00,6.00,2.00,1.00,2.00,0.00,0.00
Accrington,Luton,2.00,2.00,2.00,2.00,14.00,14.00,7.00,8.00,7.00,11.00,6.00,2.00,1.00,0.00,0.00,0.00
AFC Wimbledon,Hartlepool,1.00,2.00,1.00,0.00,8.00,4.00,4.00,4.00,5.00,5.00,6.00,2.00,0.00,0.00,0.00,0.00
Bury,Plymouth,2.00,1.00,2.00,0.00,10.00,9.00,4.00,2.00,11.00,17.00,2.00,3.00,0.00,3.00,0.00,0.00
Cambridge,Morecambe,1.00,2.00,0.00,1.00,21.00,9.00,7.00,4.00,12.00,16.00,8.00,4.00,2.00,5.00,0.00,0.00
Carlisle,Southend,1.00,1.00,1.00,1.00,12.00,15.00,6.00,5.00,9.00,13.00,5.00,5.00,0.00,1.00,0.00,0.00
Dag and Red,Mansfield,2.00,0.00,1.00,0.00,16.00,18.00,4.00,5.00,13.00,12.00,5.00,7.00,2.00,2.00,0.00,0.00
Exeter,York,1.00,1.00,1.00,0.00,7.00,13.00,3.00,2.00,9.00,9.00,5.00,9.00,0.00,0.00,0.00,0.00
Newport County,Burton,1.00,1.00,1.00,0.00,9.00,5.00,2.00,2.00,12.00,7.00,6.00,8.00,0.00,1.00,0.00,0.00
Northampton,Shrewsbury,1.00,1.00,0.00,0.00,9.00,6.00,4.00,3.00,10.00,8.00,7.00,5.00,1.00,2.00,0.00,1.00
Oxford,Portsmouth,0.00,1.00,0.00,0.00,10.00,3.00,5.00,2.00,5.00,10.00,7.00,5.00,0.00,1.00,0.00,0.00
Stevenage,Wycombe,1.00,3.00,1.00,2.00,8.00,8.00,2.00,4.00,12.00,13.00,7.00,3.00,2.00,1.00,0.00,0.00
Tranmere,Cheltenham,2.00,3.00,2.00,0.00,12.00,21.00,6.00,12.00,4.00,10.00,3.00,6.00,1.00,2.00,0.00,0.00
AFC Wimbledon,Stevenage,2.00,3.00,1.00,1.00,9.00,10.00,3.00,4.00,12.00,8.00,4.00,5.00,2.00,2.00,0.00,0.00
Bury,Accrington,2.00,1.00,1.00,1.00,12.00,12.00,6.00,6.00,13.00,9.00,2.00,7.00,2.00,1.00,1.00,0.00
Cambridge,Carlisle,5.00,0.00,3.00,0.00,15.00,8.00,8.00,1.00,15.00,12.00,4.00,6.00,1.00,1.00,0.00,0.00
Cheltenham,Hartlepool,1.00,0.00,0.00,0.00,13.00,4.00,6.00,3.00,12.00,13.00,4.00,2.00,0.00,3.00,0.00,0.00
Mansfield,Burton,1.00,2.00,0.00,1.00,12.00,7.00,1.00,2.00,16.00,13.00,7.00,4.00,1.00,2.00,0.00,1.00
Northampton,Exeter,1.00,0.00,0.00,0.00,14.00,6.00,5.00,1.00,11.00,9.00,12.00,2.00,2.00,2.00,0.00,0.00
Oxford,Dag and Red,3.00,3.00,1.00,1.00,15.00,14.00,6.00,5.00,11.00,11.00,9.00,3.00,1.00,1.00,0.00,0.00
Plymouth,Southend,2.00,0.00,0.00,0.00,15.00,12.00,8.00,2.00,13.00,6.00,4.00,6.00,5.00,1.00,0.00,1.00
Portsmouth,Newport County,0.00,1.00,0.00,0.00,9.00,11.00,2.00,6.00,13.00,17.00,6.00,5.00,4.00,6.00,0.00,0.00
Shrewsbury,Luton,2.00,0.00,1.00,0.00,18.00,2.00,11.00,2.00,4.00,11.00,9.00,4.00,0.00,1.00,0.00,1.00
Tranmere,Morecambe,2.00,1.00,0.00,1.00,8.00,4.00,4.00,2.00,12.00,12.00,6.00,2.00,3.00,1.00,0.00,1.00
York,Wycombe,0.00,0.00,0.00,0.00,22.00,7.00,6.00,2.00,16.00,13.00,10.00,3.00,0.00,3.00,0.00,0.00
Accrington,Tranmere,3.00,2.00,1.00,0.00,7.00,7.00,4.00,2.00,13.00,13.00,0.00,5.00,2.00,1.00,0.00,0.00
Carlisle,AFC Wimbledon,4.00,4.00,2.00,2.00,12.00,14.00,7.00,7.00,7.00,13.00,3.00,4.00,1.00,2.00,1.00,0.00
Dag and Red,Northampton,0.00,2.00,0.00,2.00,16.00,14.00,4.00,10.00,5.00,16.00,6.00,8.00,2.00,1.00,0.00,0.00
Exeter,Mansfield,1.00,2.00,0.00,2.00,12.00,7.00,1.00,3.00,14.00,18.00,5.00,5.00,1.00,2.00,0.00,0.00
Hartlepool,Shrewsbury,2.00,0.00,1.00,0.00,8.00,17.00,3.00,5.00,13.00,9.00,2.00,4.00,2.00,3.00,0.00,0.00
Luton,Plymouth,0.00,1.00,0.00,0.00,11.00,10.00,3.00,4.00,4.00,5.00,10.00,5.00,1.00,3.00,0.00,0.00
Morecambe,Cheltenham,0.00,0.00,0.00,0.00,12.00,18.00,3.00,7.00,2.00,15.00,6.00,11.00,1.00,1.00,0.00,0.00
Southend,Oxford,1.00,1.00,1.00,0.00,10.00,10.00,4.00,7.00,16.00,8.00,5.00,2.00,4.00,2.00,0.00,0.00
Stevenage,York,2.00,3.00,0.00,2.00,10.00,7.00,3.00,3.00,11.00,16.00,4.00,4.00,2.00,2.00,1.00,0.00
Wycombe,Bury,0.00,0.00,0.00,0.00,10.00,6.00,3.00,2.00,14.00,5.00,4.00,5.00,2.00,1.00,0.00,0.00
Burton,Portsmouth,2.00,0.00,1.00,0.00,13.00,16.00,4.00,5.00,7.00,9.00,4.00,9.00,0.00,1.00,0.00,0.00
Newport County,Cambridge,1.00,1.00,0.00,0.00,21.00,4.00,3.00,3.00,6.00,6.00,15.00,0.00,0.00,1.00,0.00,0.00
Accrington,AFC Wimbledon,1.00,0.00,0.00,0.00,8.00,9.00,2.00,4.00,7.00,12.00,5.00,6.00,1.00,1.00,0.00,0.00
Burton,York,2.00,0.00,0.00,0.00,16.00,12.00,6.00,6.00,11.00,16.00,6.00,8.00,0.00,0.00,0.00,0.00
Carlisle,Bury,0.00,3.00,0.00,0.00,3.00,13.00,0.00,5.00,10.00,9.00,5.00,7.00,1.00,0.00,0.00,0.00
Dag and Red,Cambridge,2.00,3.00,1.00,0.00,13.00,13.00,6.00,6.00,11.00,4.00,9.00,4.00,0.00,1.00,0.00,0.00
Exeter,Oxford,1.00,1.00,1.00,1.00,15.00,8.00,7.00,3.00,8.00,11.00,7.00,12.00,0.00,1.00,0.00,0.00
Hartlepool,Tranmere,0.00,0.00,0.00,0.00,2.00,17.00,0.00,3.00,8.00,10.00,2.00,13.00,1.00,2.00,0.00,0.00
Luton,Cheltenham,1.00,0.00,1.00,0.00,14.00,15.00,3.00,4.00,13.00,14.00,5.00,9.00,2.00,4.00,0.00,0.00
Morecambe,Plymouth,2.00,1.00,1.00,1.00,13.00,10.00,3.00,3.00,16.00,16.00,3.00,3.00,1.00,1.00,0.00,0.00
Newport County,Northampton,3.00,2.00,2.00,0.00,13.00,8.00,4.00,4.00,13.00,12.00,6.00,3.00,2.00,1.00,0.00,0.00
Southend,Portsmouth,2.00,0.00,0.00,0.00,11.00,7.00,6.00,4.00,8.00,11.00,8.00,8.00,2.00,4.00,0.00,0.00
Stevenage,Shrewsbury,1.00,0.00,1.00,0.00,10.00,16.00,5.00,4.00,13.00,7.00,5.00,11.00,3.00,2.00,0.00,0.00
Wycombe,Mansfield,2.00,1.00,1.00,1.00,10.00,9.00,5.00,4.00,13.00,15.00,2.00,16.00,0.00,3.00,0.00,0.00
AFC Wimbledon,Burton,3.00,0.00,2.00,0.00,4.00,7.00,3.00,2.00,15.00,4.00,0.00,6.00,3.00,0.00,1.00,0.00
Bury,Stevenage,2.00,1.00,1.00,1.00,11.00,5.00,8.00,3.00,6.00,12.00,9.00,3.00,1.00,0.00,0.00,1.00
Cambridge,Exeter,1.00,2.00,1.00,1.00,6.00,9.00,3.00,6.00,6.00,9.00,5.00,4.00,0.00,1.00,0.00,0.00
Cheltenham,Southend,0.00,1.00,0.00,0.00,3.00,13.00,2.00,4.00,10.00,8.00,5.00,7.00,2.00,1.00,1.00,0.00
Mansfield,Morecambe,1.00,0.00,0.00,0.00,16.00,2.00,8.00,1.00,13.00,11.00,5.00,6.00,1.00,2.00,0.00,0.00
Northampton,Hartlepool,5.00,1.00,3.00,1.00,20.00,8.00,11.00,3.00,11.00,6.00,2.00,2.00,0.00,0.00,0.00,0.00
Oxford,Accrington,3.00,1.00,2.00,1.00,16.00,8.00,4.00,1.00,10.00,9.00,10.00,1.00,2.00,2.00,0.00,1.00
Plymouth,Wycombe,0.00,1.00,0.00,1.00,11.00,12.00,3.00,6.00,7.00,12.00,5.00,4.00,1.00,3.00,0.00,0.00
Portsmouth,Dag and Red,3.00,0.00,1.00,0.00,10.00,7.00,5.00,2.00,12.00,7.00,5.00,4.00,3.00,0.00,0.00,1.00
Shrewsbury,Carlisle,1.00,0.00,1.00,0.00,15.00,4.00,4.00,0.00,7.00,14.00,8.00,7.00,0.00,1.00,0.00,1.00
Tranmere,Newport County,0.00,0.00,0.00,0.00,10.00,5.00,4.00,2.00,4.00,15.00,5.00,2.00,0.00,2.00,0.00,0.00
York,Luton,0.00,0.00,0.00,0.00,12.00,12.00,6.00,7.00,10.00,6.00,5.00,8.00,0.00,0.00,0.00,0.00
AFC Wimbledon,Morecambe,1.00,0.00,1.00,0.00,5.00,6.00,2.00,3.00,9.00,4.00,8.00,5.00,0.00,0.00,0.00,0.00
Bury,Burton,3.00,1.00,0.00,0.00,13.00,10.00,5.00,2.00,9.00,7.00,7.00,2.00,1.00,4.00,0.00,0.00
Cambridge,Luton,0.00,1.00,0.00,0.00,8.00,7.00,2.00,2.00,9.00,17.00,5.00,6.00,3.00,3.00,1.00,0.00
Cheltenham,Dag and Red,1.00,1.00,0.00,0.00,11.00,4.00,6.00,3.00,16.00,8.00,4.00,2.00,1.00,1.00,0.00,0.00
Mansfield,Carlisle,3.00,2.00,3.00,0.00,9.00,13.00,4.00,3.00,11.00,14.00,1.00,8.00,1.00,1.00,0.00,0.00
Northampton,Accrington,4.00,5.00,1.00,3.00,17.00,15.00,9.00,8.00,12.00,9.00,11.00,5.00,0.00,1.00,0.00,0.00
Oxford,Stevenage,0.00,0.00,0.00,0.00,12.00,5.00,2.00,1.00,13.00,20.00,10.00,1.00,0.00,2.00,0.00,0.00
Plymouth,Hartlepool,2.00,0.00,1.00,0.00,11.00,6.00,6.00,2.00,3.00,12.00,3.00,8.00,0.00,0.00,0.00,0.00
Portsmouth,Wycombe,1.00,1.00,0.00,0.00,9.00,19.00,3.00,4.00,11.00,11.00,3.00,5.00,2.00,3.00,0.00,0.00
Shrewsbury,Newport County,0.00,0.00,0.00,0.00,14.00,6.00,5.00,1.00,8.00,17.00,5.00,9.00,2.00,2.00,0.00,1.00
Tranmere,Exeter,1.00,2.00,1.00,1.00,12.00,8.00,4.00,3.00,10.00,8.00,6.00,8.00,1.00,0.00,0.00,0.00
York,Southend,2.00,3.00,1.00,1.00,13.00,16.00,6.00,8.00,8.00,16.00,9.00,7.00,1.00,3.00,0.00,0.00
Accrington,Plymouth,1.00,0.00,1.00,0.00,5.00,11.00,4.00,3.00,5.00,1.00,2.00,15.00,1.00,1.00,0.00,0.00
Burton,Cheltenham,1.00,0.00,1.00,0.00,15.00,16.00,7.00,3.00,10.00,17.00,2.00,3.00,1.00,2.00,0.00,0.00
Carlisle,Tranmere,1.00,0.00,0.00,0.00,8.00,9.00,2.00,2.00,12.00,11.00,8.00,7.00,1.00,1.00,0.00,0.00
Dag and Red,York,2.00,0.00,1.00,0.00,8.00,16.00,2.00,4.00,9.00,16.00,2.00,6.00,0.00,1.00,0.00,0.00
Exeter,Bury,2.00,1.00,1.00,0.00,12.00,15.00,5.00,8.00,6.00,9.00,5.00,13.00,1.00,1.00,0.00,0.00
Hartlepool,Portsmouth,0.00,0.00,0.00,0.00,12.00,11.00,0.00,3.00,6.00,10.00,7.00,8.00,0.00,1.00,0.00,0.00
Luton,Oxford,2.00,0.00,1.00,0.00,5.00,11.00,3.00,3.00,14.00,9.00,3.00,3.00,1.00,1.00,0.00,0.00
Morecambe,Northampton,0.00,1.00,0.00,1.00,7.00,12.00,1.00,6.00,11.00,11.00,2.00,6.00,1.00,1.00,0.00,0.00
Newport County,AFC Wimbledon,4.00,1.00,1.00,0.00,12.00,12.00,7.00,5.00,11.00,10.00,5.00,7.00,3.00,3.00,0.00,0.00
Southend,Shrewsbury,1.00,0.00,1.00,0.00,13.00,15.00,6.00,4.00,10.00,13.00,5.00,6.00,0.00,3.00,0.00,1.00
Stevenage,Mansfield,3.00,0.00,2.00,0.00,15.00,11.00,6.00,7.00,12.00,15.00,4.00,4.00,0.00,2.00,0.00,0.00
Wycombe,Cambridge,1.00,0.00,0.00,0.00,7.00,4.00,3.00,1.00,9.00,10.00,5.00,9.00,0.00,3.00,0.00,0.00
Burton,Cambridge,1.00,3.00,0.00,1.00,19.00,8.00,5.00,7.00,11.00,11.00,8.00,4.00,3.00,0.00,0.00,0.00
Dag and Red,Exeter,1.00,2.00,1.00,0.00,9.00,10.00,3.00,7.00,14.00,7.00,5.00,7.00,6.00,2.00,0.00,0.00
Bury,Tranmere,2.00,0.00,0.00,0.00,9.00,8.00,6.00,2.00,7.00,13.00,10.00,6.00,1.00,2.00,0.00,0.00
Cheltenham,AFC Wimbledon,1.00,1.00,1.00,1.00,10.00,11.00,6.00,4.00,7.00,11.00,3.00,9.00,0.00,0.00,0.00,0.00
Hartlepool,Carlisle,0.00,3.00,0.00,0.00,7.00,11.00,1.00,3.00,11.00,10.00,4.00,5.00,1.00,2.00,0.00,0.00
Mansfield,Accrington,0.00,1.00,0.00,1.00,16.00,14.00,3.00,5.00,12.00,15.00,5.00,4.00,1.00,0.00,1.00,0.00
Oxford,Newport County,1.00,0.00,1.00,0.00,10.00,6.00,5.00,2.00,10.00,14.00,3.00,7.00,2.00,5.00,1.00,0.00
Plymouth,Shrewsbury,1.00,0.00,1.00,0.00,8.00,9.00,3.00,4.00,8.00,11.00,5.00,8.00,0.00,1.00,0.00,0.00
Southend,Morecambe,0.00,1.00,0.00,1.00,17.00,8.00,7.00,5.00,11.00,9.00,6.00,5.00,1.00,2.00,0.00,0.00
Stevenage,Luton,1.00,2.00,1.00,1.00,8.00,12.00,3.00,6.00,8.00,10.00,4.00,4.00,1.00,4.00,0.00,0.00
Wycombe,Northampton,1.00,1.00,0.00,1.00,4.00,4.00,3.00,2.00,16.00,18.00,7.00,1.00,3.00,5.00,0.00,1.00
York,Portsmouth,0.00,0.00,0.00,0.00,12.00,11.00,5.00,3.00,11.00,13.00,2.00,8.00,3.00,1.00,0.00,0.00
Accrington,Dag and Red,1.00,2.00,1.00,0.00,18.00,9.00,6.00,5.00,8.00,11.00,10.00,8.00,1.00,2.00,0.00,0.00
AFC Wimbledon,Bury,3.00,2.00,2.00,0.00,13.00,19.00,6.00,4.00,17.00,10.00,6.00,5.00,3.00,2.00,0.00,0.00
Cambridge,Oxford,5.00,1.00,2.00,1.00,19.00,13.00,11.00,2.00,7.00,18.00,6.00,1.00,0.00,3.00,0.00,0.00
Carlisle,Stevenage,3.00,0.00,2.00,0.00,10.00,9.00,4.00,2.00,8.00,12.00,9.00,6.00,1.00,0.00,0.00,0.00
Exeter,Hartlepool,1.00,2.00,0.00,0.00,12.00,9.00,6.00,5.00,8.00,11.00,10.00,7.00,0.00,0.00,0.00,0.00
Luton,Southend,2.00,0.00,2.00,0.00,10.00,11.00,2.00,1.00,6.00,15.00,3.00,5.00,2.00,4.00,0.00,0.00
Morecambe,Wycombe,1.00,3.00,1.00,2.00,6.00,9.00,1.00,5.00,10.00,16.00,3.00,2.00,1.00,3.00,1.00,0.00
Newport County,York,3.00,1.00,0.00,1.00,14.00,4.00,8.00,2.00,6.00,14.00,9.00,2.00,1.00,1.00,0.00,1.00
Northampton,Burton,1.00,2.00,0.00,1.00,11.00,11.00,3.00,6.00,18.00,12.00,5.00,5.00,2.00,1.00,0.00,0.00
Portsmouth,Mansfield,1.00,1.00,0.00,0.00,10.00,12.00,6.00,7.00,11.00,16.00,6.00,2.00,1.00,2.00,0.00,0.00
Shrewsbury,Cheltenham,3.00,1.00,0.00,0.00,13.00,10.00,8.00,5.00,9.00,18.00,6.00,2.00,2.00,3.00,0.00,0.00
Tranmere,Plymouth,0.00,1.00,0.00,1.00,8.00,10.00,5.00,3.00,14.00,10.00,5.00,1.00,1.00,2.00,0.00,0.00
Burton,Morecambe,0.00,2.00,0.00,0.00,12.00,7.00,6.00,7.00,17.00,11.00,3.00,3.00,0.00,2.00,0.00,0.00
Bury,Portsmouth,3.00,0.00,2.00,0.00,17.00,6.00,7.00,1.00,4.00,13.00,4.00,7.00,1.00,3.00,0.00,0.00
Cheltenham,Northampton,3.00,2.00,1.00,0.00,10.00,11.00,6.00,5.00,13.00,13.00,9.00,5.00,0.00,2.00,0.00,0.00
Dag and Red,Newport County,0.00,1.00,0.00,0.00,10.00,19.00,2.00,5.00,10.00,12.00,7.00,5.00,2.00,3.00,1.00,0.00
Hartlepool,Luton,1.00,2.00,0.00,1.00,9.00,9.00,4.00,3.00,6.00,12.00,2.00,9.00,1.00,0.00,0.00,0.00
Mansfield,Cambridge,0.00,0.00,0.00,0.00,10.00,13.00,2.00,5.00,8.00,11.00,0.00,6.00,2.00,3.00,0.00,0.00
Oxford,Tranmere,2.00,0.00,1.00,0.00,9.00,4.00,4.00,2.00,8.00,20.00,1.00,3.00,0.00,3.00,0.00,0.00
Plymouth,Carlisle,1.00,0.00,1.00,0.00,11.00,7.00,4.00,2.00,9.00,13.00,8.00,7.00,0.00,2.00,0.00,0.00
Southend,Exeter,1.00,1.00,1.00,0.00,10.00,10.00,5.00,3.00,5.00,13.00,5.00,5.00,1.00,1.00,0.00,0.00
Stevenage,Accrington,2.00,1.00,1.00,1.00,7.00,8.00,2.00,2.00,8.00,8.00,5.00,9.00,1.00,0.00,0.00,0.00
Wycombe,AFC Wimbledon,2.00,0.00,0.00,0.00,11.00,1.00,4.00,0.00,12.00,16.00,6.00,2.00,3.00,3.00,0.00,0.00
York,Shrewsbury,0.00,1.00,0.00,0.00,10.00,15.00,5.00,10.00,14.00,14.00,3.00,2.00,1.00,1.00,1.00,0.00
Accrington,Hartlepool,3.00,1.00,2.00,1.00,13.00,14.00,5.00,3.00,11.00,14.00,4.00,6.00,2.00,1.00,0.00,0.00
AFC Wimbledon,Plymouth,0.00,0.00,0.00,0.00,10.00,8.00,2.00,3.00,17.00,11.00,6.00,3.00,0.00,2.00,0.00,0.00
Cambridge,Cheltenham,1.00,2.00,1.00,1.00,11.00,4.00,2.00,2.00,5.00,13.00,3.00,4.00,0.00,4.00,0.00,0.00
Carlisle,Burton,3.00,4.00,2.00,4.00,9.00,12.00,3.00,9.00,11.00,13.00,6.00,3.00,1.00,1.00,0.00,1.00
Exeter,Wycombe,2.00,1.00,1.00,1.00,11.00,14.00,5.00,4.00,11.00,18.00,3.00,5.00,0.00,3.00,0.00,0.00
Luton,Dag and Red,3.00,1.00,2.00,0.00,20.00,11.00,8.00,7.00,8.00,11.00,10.00,5.00,0.00,0.00,0.00,0.00
Morecambe,York,1.00,1.00,0.00,0.00,11.00,12.00,3.00,4.00,4.00,8.00,3.00,5.00,0.00,1.00,0.00,0.00
Newport County,Southend,1.00,0.00,0.00,0.00,8.00,6.00,3.00,2.00,12.00,18.00,6.00,11.00,1.00,1.00,0.00,0.00
Northampton,Oxford,1.00,3.00,1.00,2.00,12.00,10.00,3.00,7.00,13.00,9.00,6.00,8.00,4.00,0.00,0.00,0.00
Portsmouth,Stevenage,3.00,2.00,1.00,1.00,12.00,8.00,6.00,6.00,15.00,5.00,10.00,7.00,2.00,2.00,0.00,0.00
Shrewsbury,Bury,5.00,0.00,3.00,0.00,10.00,5.00,7.00,1.00,14.00,14.00,7.00,5.00,0.00,2.00,0.00,0.00
Tranmere,Mansfield,0.00,0.00,0.00,0.00,10.00,2.00,5.00,0.00,13.00,13.00,11.00,3.00,1.00,1.00,0.00,0.00
AFC Wimbledon,Tranmere,2.00,2.00,2.00,1.00,10.00,11.00,3.00,6.00,9.00,14.00,4.00,6.00,0.00,0.00,0.00,0.00
Cambridge,Hartlepool,2.00,1.00,1.00,0.00,13.00,10.00,5.00,3.00,8.00,20.00,8.00,6.00,0.00,3.00,0.00,0.00
Carlisle,Oxford,2.00,1.00,0.00,1.00,14.00,10.00,3.00,2.00,4.00,5.00,12.00,5.00,1.00,0.00,0.00,0.00
Luton,Northampton,1.00,0.00,0.00,0.00,5.00,5.00,2.00,3.00,10.00,11.00,7.00,4.00,2.00,3.00,0.00,0.00
Newport County,Accrington,1.00,1.00,0.00,0.00,12.00,9.00,7.00,4.00,7.00,9.00,5.00,6.00,1.00,1.00,0.00,0.00
Plymouth,Cheltenham,3.00,0.00,2.00,0.00,13.00,10.00,6.00,0.00,5.00,12.00,6.00,6.00,0.00,2.00,0.00,0.00
Shrewsbury,Portsmouth,2.00,1.00,1.00,1.00,9.00,7.00,4.00,2.00,8.00,15.00,7.00,3.00,0.00,2.00,0.00,0.00
Southend,Bury,1.00,1.00,1.00,0.00,7.00,4.00,1.00,4.00,17.00,13.00,4.00,4.00,4.00,3.00,0.00,0.00
Stevenage,Burton,1.00,0.00,0.00,0.00,0.00,5.00,0.00,3.00,3.00,2.00,1.00,0.00,1.00,0.00,0.00,0.00
Wycombe,Dag and Red,1.00,1.00,0.00,0.00,13.00,6.00,6.00,3.00,7.00,13.00,3.00,6.00,0.00,2.00,0.00,0.00
York,Mansfield,1.00,1.00,1.00,0.00,10.00,18.00,6.00,8.00,13.00,10.00,4.00,5.00,0.00,1.00,0.00,0.00
Morecambe,Exeter,0.00,2.00,0.00,1.00,9.00,19.00,0.00,7.00,9.00,7.00,4.00,6.00,0.00,0.00,0.00,0.00
Accrington,Morecambe,2.00,1.00,2.00,0.00,13.00,11.00,8.00,5.00,10.00,15.00,6.00,3.00,2.00,3.00,0.00,0.00
Burton,Plymouth,1.00,1.00,1.00,0.00,19.00,9.00,8.00,1.00,12.00,12.00,3.00,5.00,0.00,3.00,0.00,0.00
Bury,Cambridge,2.00,0.00,2.00,0.00,8.00,7.00,4.00,3.00,11.00,9.00,5.00,6.00,2.00,2.00,0.00,0.00
Cheltenham,York,0.00,1.00,0.00,1.00,12.00,14.00,3.00,3.00,11.00,8.00,5.00,3.00,2.00,0.00,0.00,0.00
Dag and Red,Shrewsbury,1.00,2.00,1.00,0.00,12.00,17.00,4.00,9.00,18.00,12.00,6.00,5.00,3.00,2.00,0.00,1.00
Exeter,Luton,1.00,1.00,0.00,1.00,16.00,8.00,6.00,6.00,7.00,6.00,5.00,5.00,1.00,1.00,0.00,0.00
Hartlepool,Newport County,2.00,2.00,0.00,1.00,18.00,8.00,7.00,5.00,9.00,10.00,8.00,5.00,3.00,0.00,0.00,1.00
Mansfield,Southend,1.00,2.00,0.00,1.00,6.00,10.00,2.00,5.00,9.00,8.00,7.00,11.00,1.00,1.00,0.00,0.00
Northampton,AFC Wimbledon,2.00,0.00,1.00,0.00,8.00,7.00,4.00,0.00,16.00,14.00,3.00,0.00,0.00,0.00,0.00,0.00
Oxford,Wycombe,1.00,2.00,1.00,0.00,6.00,8.00,3.00,3.00,13.00,13.00,1.00,4.00,2.00,3.00,0.00,0.00
Portsmouth,Carlisle,3.00,0.00,2.00,0.00,13.00,5.00,4.00,2.00,7.00,11.00,16.00,2.00,2.00,3.00,0.00,1.00
Tranmere,Stevenage,2.00,2.00,0.00,1.00,12.00,5.00,5.00,2.00,12.00,14.00,7.00,3.00,1.00,2.00,0.00,0.00
Cambridge,Northampton,2.00,1.00,0.00,0.00,8.00,12.00,6.00,3.00,11.00,11.00,4.00,4.00,1.00,0.00,0.00,0.00
AFC Wimbledon,Dag and Red,1.00,0.00,1.00,0.00,14.00,8.00,4.00,0.00,9.00,6.00,8.00,5.00,1.00,1.00,0.00,0.00
Carlisle,Accrington,1.00,0.00,1.00,0.00,19.00,13.00,8.00,3.00,17.00,9.00,12.00,5.00,2.00,0.00,0.00,0.00
Luton,Tranmere,1.00,0.00,0.00,0.00,12.00,14.00,5.00,4.00,9.00,6.00,5.00,9.00,1.00,1.00,0.00,0.00
Morecambe,Bury,1.00,0.00,0.00,0.00,15.00,9.00,8.00,5.00,18.00,15.00,9.00,11.00,1.00,1.00,0.00,0.00
Plymouth,Portsmouth,3.00,0.00,3.00,0.00,16.00,14.00,6.00,4.00,13.00,13.00,4.00,6.00,0.00,0.00,0.00,0.00
Shrewsbury,Mansfield,2.00,0.00,0.00,0.00,19.00,2.00,9.00,2.00,8.00,8.00,12.00,3.00,2.00,2.00,0.00,1.00
Southend,Hartlepool,1.00,0.00,0.00,0.00,22.00,9.00,12.00,3.00,8.00,14.00,4.00,1.00,1.00,2.00,0.00,0.00
Stevenage,Cheltenham,5.00,1.00,3.00,0.00,19.00,9.00,12.00,2.00,11.00,13.00,6.00,3.00,1.00,0.00,0.00,0.00
York,Oxford,0.00,1.00,0.00,1.00,10.00,10.00,5.00,6.00,7.00,15.00,10.00,6.00,0.00,1.00,0.00,0.00
Newport County,Exeter,2.00,2.00,0.00,2.00,13.00,14.00,7.00,7.00,7.00,2.00,6.00,8.00,0.00,1.00,0.00,0.00
Wycombe,Burton,1.00,3.00,0.00,1.00,7.00,9.00,1.00,5.00,9.00,13.00,5.00,3.00,2.00,2.00,0.00,0.00
Accrington,Cambridge,2.00,1.00,1.00,0.00,18.00,12.00,9.00,3.00,7.00,6.00,3.00,6.00,0.00,1.00,0.00,0.00
Burton,Luton,1.00,0.00,0.00,0.00,5.00,9.00,2.00,2.00,7.00,10.00,4.00,10.00,1.00,0.00,0.00,1.00
Bury,Newport County,1.00,3.00,0.00,2.00,10.00,8.00,4.00,4.00,9.00,17.00,5.00,2.00,0.00,2.00,0.00,0.00
Cheltenham,Wycombe,1.00,4.00,1.00,2.00,5.00,13.00,2.00,10.00,11.00,16.00,5.00,9.00,0.00,1.00,1.00,0.00
Dag and Red,Carlisle,4.00,2.00,3.00,1.00,12.00,14.00,6.00,6.00,9.00,13.00,5.00,5.00,1.00,1.00,0.00,0.00
Exeter,Shrewsbury,3.00,2.00,0.00,2.00,7.00,15.00,4.00,6.00,10.00,12.00,6.00,3.00,3.00,4.00,0.00,0.00
Hartlepool,York,1.00,3.00,1.00,0.00,10.00,8.00,3.00,6.00,9.00,11.00,7.00,7.00,0.00,0.00,0.00,0.00
Mansfield,Plymouth,1.00,0.00,1.00,0.00,11.00,10.00,3.00,2.00,12.00,13.00,2.00,4.00,2.00,2.00,0.00,0.00
Northampton,Stevenage,1.00,0.00,1.00,0.00,8.00,9.00,2.00,4.00,4.00,10.00,10.00,1.00,0.00,2.00,0.00,0.00
Oxford,AFC Wimbledon,0.00,0.00,0.00,0.00,7.00,7.00,2.00,2.00,11.00,13.00,7.00,5.00,1.00,1.00,0.00,0.00
Portsmouth,Morecambe,3.00,0.00,1.00,0.00,18.00,9.00,9.00,4.00,7.00,4.00,6.00,3.00,2.00,4.00,0.00,0.00
Tranmere,Southend,1.00,2.00,0.00,2.00,10.00,15.00,4.00,6.00,12.00,18.00,6.00,7.00,1.00,3.00,0.00,0.00
Accrington,Exeter,2.00,3.00,0.00,1.00,11.00,6.00,2.00,4.00,7.00,3.00,9.00,2.00,0.00,1.00,0.00,0.00
AFC Wimbledon,Cambridge,1.00,2.00,1.00,1.00,7.00,7.00,3.00,2.00,16.00,7.00,3.00,2.00,1.00,0.00,0.00,0.00
Bury,Dag and Red,0.00,2.00,0.00,0.00,10.00,7.00,3.00,3.00,10.00,16.00,9.00,2.00,2.00,1.00,0.00,0.00
Carlisle,Newport County,2.00,3.00,0.00,1.00,12.00,14.00,6.00,7.00,9.00,14.00,2.00,8.00,0.00,3.00,0.00,0.00
Cheltenham,Oxford,1.00,1.00,0.00,0.00,7.00,12.00,4.00,6.00,10.00,3.00,5.00,10.00,0.00,1.00,0.00,0.00
Hartlepool,Wycombe,1.00,3.00,0.00,1.00,6.00,12.00,2.00,6.00,10.00,17.00,7.00,8.00,1.00,1.00,0.00,0.00
Luton,Mansfield,3.00,0.00,1.00,0.00,13.00,9.00,6.00,3.00,10.00,5.00,8.00,3.00,1.00,1.00,0.00,0.00
Plymouth,York,1.00,1.00,1.00,0.00,15.00,10.00,7.00,5.00,10.00,6.00,6.00,2.00,2.00,2.00,0.00,0.00
Shrewsbury,Burton,1.00,0.00,0.00,0.00,4.00,0.00,3.00,0.00,3.00,4.00,3.00,0.00,2.00,3.00,0.00,0.00
Southend,Northampton,2.00,0.00,0.00,0.00,13.00,7.00,6.00,0.00,13.00,17.00,2.00,4.00,2.00,3.00,0.00,1.00
Stevenage,Morecambe,1.00,1.00,0.00,0.00,8.00,10.00,1.00,7.00,10.00,10.00,4.00,4.00,1.00,0.00,0.00,0.00
Tranmere,Portsmouth,3.00,1.00,1.00,0.00,13.00,9.00,5.00,3.00,11.00,11.00,6.00,9.00,1.00,1.00,0.00,0.00
Exeter,Burton,1.00,1.00,0.00,0.00,8.00,10.00,2.00,3.00,7.00,11.00,6.00,5.00,0.00,1.00,0.00,0.00
Burton,Hartlepool,4.00,0.00,1.00,0.00,23.00,4.00,11.00,1.00,4.00,8.00,8.00,3.00,0.00,2.00,0.00,0.00
Cambridge,Shrewsbury,0.00,0.00,0.00,0.00,5.00,11.00,1.00,3.00,7.00,13.00,2.00,4.00,1.00,2.00,0.00,0.00
Dag and Red,Tranmere,0.00,1.00,0.00,0.00,6.00,14.00,1.00,7.00,4.00,15.00,7.00,10.00,1.00,4.00,0.00,0.00
Exeter,Carlisle,2.00,0.00,0.00,0.00,13.00,12.00,5.00,2.00,3.00,8.00,8.00,3.00,0.00,0.00,0.00,0.00
Mansfield,Cheltenham,1.00,1.00,0.00,0.00,5.00,14.00,2.00,5.00,14.00,11.00,7.00,7.00,2.00,2.00,0.00,0.00
Morecambe,Luton,3.00,0.00,2.00,0.00,18.00,6.00,9.00,3.00,6.00,11.00,7.00,4.00,2.00,1.00,0.00,1.00
Newport County,Stevenage,2.00,0.00,2.00,0.00,6.00,9.00,3.00,1.00,17.00,9.00,8.00,3.00,0.00,1.00,1.00,0.00
Northampton,Plymouth,2.00,3.00,0.00,2.00,16.00,9.00,3.00,5.00,12.00,8.00,4.00,5.00,1.00,1.00,0.00,0.00
Oxford,Bury,2.00,1.00,0.00,0.00,10.00,7.00,5.00,2.00,17.00,11.00,9.00,2.00,3.00,3.00,0.00,0.00
Portsmouth,Accrington,2.00,3.00,2.00,2.00,8.00,11.00,5.00,6.00,12.00,9.00,5.00,2.00,2.00,3.00,0.00,0.00
Wycombe,Southend,4.00,1.00,2.00,1.00,12.00,9.00,6.00,3.00,14.00,15.00,3.00,4.00,2.00,2.00,0.00,1.00
York,AFC Wimbledon,2.00,3.00,0.00,1.00,15.00,10.00,6.00,5.00,10.00,13.00,9.00,3.00,0.00,0.00,0.00,0.00
Southend,Burton,0.00,0.00,0.00,0.00,9.00,9.00,4.00,4.00,17.00,20.00,4.00,1.00,1.00,3.00,0.00,0.00
Tranmere,Cambridge,1.00,1.00,0.00,0.00,13.00,9.00,4.00,5.00,13.00,8.00,2.00,7.00,2.00,0.00,0.00,1.00
Accrington,Wycombe,1.00,1.00,0.00,1.00,8.00,10.00,3.00,3.00,8.00,13.00,7.00,8.00,4.00,3.00,0.00,0.00
AFC Wimbledon,Mansfield,0.00,1.00,0.00,0.00,17.00,11.00,6.00,6.00,12.00,12.00,6.00,5.00,2.00,4.00,0.00,1.00
Bury,York,2.00,2.00,0.00,0.00,11.00,12.00,7.00,3.00,15.00,16.00,6.00,8.00,2.00,3.00,0.00,0.00
Carlisle,Northampton,2.00,1.00,1.00,1.00,11.00,18.00,4.00,9.00,11.00,12.00,7.00,7.00,2.00,3.00,0.00,0.00
Cheltenham,Portsmouth,1.00,1.00,1.00,0.00,8.00,8.00,6.00,4.00,7.00,11.00,3.00,6.00,2.00,0.00,0.00,0.00
Hartlepool,Oxford,1.00,1.00,0.00,0.00,10.00,7.00,6.00,3.00,7.00,10.00,9.00,1.00,2.00,2.00,0.00,0.00
Luton,Newport County,3.00,0.00,1.00,0.00,11.00,11.00,6.00,5.00,7.00,11.00,5.00,7.00,3.00,0.00,0.00,0.00
Plymouth,Dag and Red,3.00,0.00,1.00,0.00,12.00,6.00,4.00,2.00,15.00,18.00,4.00,2.00,1.00,2.00,0.00,0.00
Shrewsbury,Morecambe,1.00,0.00,0.00,0.00,21.00,5.00,7.00,2.00,6.00,9.00,8.00,4.00,1.00,1.00,0.00,0.00
Stevenage,Exeter,1.00,0.00,0.00,0.00,15.00,10.00,8.00,2.00,7.00,12.00,6.00,6.00,0.00,2.00,0.00,0.00
Burton,Tranmere,2.00,0.00,2.00,0.00,13.00,0.00,4.00,0.00,15.00,16.00,6.00,2.00,1.00,0.00,0.00,1.00
Cambridge,Southend,0.00,1.00,0.00,0.00,8.00,13.00,1.00,5.00,7.00,8.00,3.00,7.00,0.00,2.00,0.00,0.00
Dag and Red,Stevenage,0.00,2.00,0.00,0.00,11.00,15.00,4.00,7.00,13.00,15.00,8.00,7.00,1.00,2.00,0.00,0.00
Exeter,Cheltenham,1.00,0.00,0.00,0.00,13.00,8.00,5.00,1.00,5.00,10.00,9.00,6.00,0.00,1.00,0.00,0.00
Mansfield,Hartlepool,1.00,1.00,1.00,0.00,15.00,13.00,4.00,2.00,11.00,16.00,4.00,3.00,2.00,2.00,1.00,2.00
Morecambe,Carlisle,0.00,1.00,0.00,0.00,16.00,10.00,3.00,2.00,4.00,10.00,9.00,3.00,0.00,3.00,0.00,0.00
Newport County,Plymouth,2.00,0.00,1.00,0.00,7.00,8.00,2.00,3.00,13.00,12.00,6.00,1.00,1.00,2.00,0.00,0.00
Northampton,Bury,2.00,3.00,1.00,2.00,11.00,9.00,4.00,5.00,13.00,10.00,5.00,9.00,1.00,2.00,1.00,1.00
Oxford,Shrewsbury,0.00,2.00,0.00,2.00,5.00,9.00,3.00,2.00,7.00,8.00,6.00,10.00,0.00,2.00,0.00,0.00
Portsmouth,AFC Wimbledon,0.00,2.00,0.00,2.00,9.00,8.00,5.00,4.00,13.00,15.00,9.00,8.00,2.00,1.00,1.00,0.00
Wycombe,Luton,1.00,1.00,1.00,1.00,8.00,13.00,2.00,4.00,11.00,11.00,8.00,8.00,2.00,2.00,0.00,0.00
York,Accrington,1.00,0.00,1.00,0.00,9.00,15.00,6.00,8.00,12.00,12.00,6.00,7.00,1.00,1.00,1.00,0.00
AFC Wimbledon,Exeter,4.00,1.00,1.00,0.00,15.00,12.00,7.00,4.00,8.00,6.00,5.00,2.00,1.00,0.00,0.00,0.00
Bury,Mansfield,2.00,0.00,1.00,0.00,6.00,5.00,4.00,1.00,7.00,6.00,4.00,5.00,1.00,1.00,0.00,0.00
Carlisle,York,0.00,3.00,0.00,1.00,4.00,13.00,1.00,6.00,9.00,3.00,1.00,8.00,1.00,0.00,0.00,0.00
Cheltenham,Newport County,0.00,1.00,0.00,1.00,7.00,8.00,1.00,5.00,7.00,15.00,5.00,4.00,0.00,6.00,0.00,0.00
Hartlepool,Morecambe,0.00,2.00,0.00,1.00,10.00,6.00,2.00,4.00,14.00,9.00,8.00,4.00,2.00,3.00,0.00,0.00
Luton,Portsmouth,1.00,1.00,1.00,1.00,11.00,10.00,3.00,3.00,9.00,8.00,4.00,3.00,0.00,2.00,0.00,0.00
Plymouth,Oxford,1.00,2.00,1.00,0.00,12.00,8.00,7.00,4.00,10.00,12.00,7.00,2.00,3.00,1.00,1.00,0.00
Shrewsbury,Wycombe,0.00,0.00,0.00,0.00,11.00,8.00,2.00,2.00,16.00,18.00,4.00,8.00,1.00,3.00,0.00,0.00
Southend,Dag and Red,0.00,0.00,0.00,0.00,14.00,8.00,8.00,4.00,12.00,16.00,12.00,1.00,0.00,3.00,1.00,0.00
Stevenage,Cambridge,3.00,2.00,3.00,1.00,10.00,9.00,8.00,3.00,12.00,5.00,7.00,7.00,2.00,0.00,0.00,0.00
Tranmere,Northampton,2.00,1.00,1.00,1.00,11.00,7.00,5.00,3.00,8.00,12.00,5.00,3.00,0.00,2.00,0.00,0.00
Burton,Shrewsbury,1.00,0.00,0.00,0.00,7.00,13.00,3.00,4.00,17.00,12.00,4.00,4.00,3.00,2.00,0.00,0.00
Dag and Red,Bury,1.00,0.00,0.00,0.00,8.00,13.00,4.00,5.00,14.00,14.00,2.00,10.00,2.00,2.00,0.00,0.00
Exeter,Accrington,1.00,2.00,1.00,0.00,14.00,13.00,3.00,6.00,5.00,15.00,8.00,5.00,0.00,4.00,0.00,0.00
Morecambe,Stevenage,0.00,0.00,0.00,0.00,7.00,8.00,3.00,3.00,9.00,12.00,4.00,8.00,2.00,2.00,0.00,0.00
Newport County,Carlisle,2.00,1.00,1.00,1.00,11.00,11.00,4.00,6.00,6.00,9.00,1.00,4.00,1.00,2.00,0.00,0.00
Northampton,Southend,1.00,1.00,0.00,0.00,11.00,17.00,5.00,6.00,13.00,10.00,7.00,7.00,5.00,2.00,0.00,1.00
Oxford,Cheltenham,1.00,2.00,1.00,2.00,11.00,7.00,5.00,3.00,9.00,11.00,7.00,6.00,1.00,2.00,0.00,0.00
Wycombe,Hartlepool,1.00,0.00,1.00,0.00,13.00,5.00,4.00,1.00,6.00,13.00,9.00,4.00,1.00,1.00,0.00,1.00
York,Plymouth,0.00,0.00,0.00,0.00,13.00,11.00,7.00,2.00,4.00,13.00,6.00,11.00,0.00,2.00,1.00,0.00
Luton,Shrewsbury,0.00,0.00,0.00,0.00,12.00,13.00,4.00,0.00,14.00,7.00,8.00,2.00,2.00,0.00,0.00,1.00
Burton,Mansfield,2.00,1.00,2.00,0.00,10.00,12.00,4.00,3.00,14.00,15.00,7.00,5.00,2.00,1.00,0.00,0.00
Carlisle,Cambridge,0.00,1.00,0.00,0.00,15.00,9.00,4.00,1.00,7.00,12.00,5.00,3.00,1.00,2.00,0.00,0.00
Dag and Red,Oxford,0.00,0.00,0.00,0.00,10.00,11.00,0.00,3.00,7.00,17.00,2.00,4.00,3.00,2.00,0.00,0.00
Exeter,Northampton,0.00,2.00,0.00,2.00,8.00,7.00,3.00,2.00,11.00,7.00,4.00,4.00,2.00,2.00,0.00,0.00
Hartlepool,Cheltenham,2.00,0.00,1.00,0.00,13.00,2.00,7.00,1.00,7.00,14.00,9.00,5.00,1.00,3.00,0.00,0.00
Morecambe,Tranmere,0.00,0.00,0.00,0.00,10.00,8.00,5.00,2.00,9.00,9.00,4.00,6.00,1.00,0.00,0.00,0.00
Newport County,Portsmouth,1.00,0.00,0.00,0.00,8.00,8.00,3.00,4.00,7.00,12.00,4.00,8.00,1.00,2.00,0.00,0.00
Southend,Plymouth,0.00,0.00,0.00,0.00,14.00,9.00,5.00,3.00,15.00,14.00,8.00,4.00,0.00,1.00,0.00,0.00
Stevenage,AFC Wimbledon,2.00,1.00,1.00,1.00,12.00,4.00,6.00,2.00,6.00,9.00,4.00,6.00,0.00,2.00,0.00,0.00
Wycombe,York,1.00,0.00,0.00,0.00,17.00,4.00,9.00,2.00,9.00,6.00,8.00,8.00,2.00,1.00,0.00,0.00
Bury,Chesterfield,0.00,2.00,0.00,0.00,10.00,8.00,3.00,2.00,10.00,11.00,8.00,1.00,1.00,1.00,0.00,0.00
Cheltenham,Burton,2.00,2.00,2.00,1.00,14.00,11.00,6.00,2.00,9.00,6.00,7.00,5.00,3.00,1.00,0.00,0.00
Exeter,Bristol Rvs,2.00,1.00,0.00,0.00,10.00,7.00,2.00,1.00,8.00,6.00,8.00,7.00,2.00,1.00,0.00,0.00
Fleetwood Town,Dag and Red,3.00,1.00,2.00,1.00,10.00,6.00,7.00,3.00,11.00,6.00,14.00,6.00,0.00,2.00,0.00,0.00
Newport County,Accrington,4.00,1.00,2.00,0.00,8.00,6.00,5.00,3.00,4.00,4.00,1.00,5.00,1.00,0.00,0.00,0.00
Portsmouth,Oxford,1.00,4.00,1.00,2.00,10.00,9.00,2.00,5.00,6.00,3.00,6.00,3.00,1.00,1.00,1.00,0.00
Rochdale,Hartlepool,3.00,0.00,1.00,0.00,16.00,14.00,4.00,6.00,11.00,13.00,6.00,6.00,1.00,0.00,0.00,0.00
Scunthorpe,Mansfield,2.00,0.00,2.00,0.00,10.00,8.00,5.00,1.00,3.00,13.00,4.00,5.00,1.00,2.00,1.00,0.00
Southend,Plymouth,1.00,0.00,1.00,0.00,9.00,8.00,3.00,3.00,11.00,10.00,5.00,4.00,0.00,2.00,0.00,0.00
Torquay,AFC Wimbledon,1.00,1.00,0.00,0.00,14.00,9.00,3.00,5.00,8.00,7.00,2.00,4.00,2.00,0.00,0.00,0.00
Wycombe,Morecambe,1.00,0.00,1.00,0.00,9.00,7.00,5.00,3.00,8.00,17.00,4.00,7.00,2.00,5.00,0.00,0.00
York,Northampton,1.00,0.00,0.00,0.00,19.00,6.00,5.00,0.00,10.00,17.00,7.00,3.00,3.00,2.00,0.00,1.00
Accrington,Portsmouth,2.00,2.00,0.00,0.00,8.00,20.00,3.00,7.00,13.00,8.00,6.00,5.00,1.00,1.00,0.00,0.00
AFC Wimbledon,Wycombe,1.00,0.00,1.00,0.00,16.00,13.00,7.00,3.00,10.00,10.00,7.00,2.00,0.00,1.00,0.00,1.00
Bristol Rvs,Scunthorpe,0.00,0.00,0.00,0.00,10.00,14.00,0.00,3.00,11.00,5.00,4.00,7.00,2.00,1.00,0.00,0.00
Burton,Rochdale,1.00,0.00,1.00,0.00,13.00,10.00,3.00,0.00,5.00,13.00,7.00,3.00,1.00,1.00,0.00,1.00
Chesterfield,Cheltenham,2.00,0.00,1.00,0.00,17.00,10.00,9.00,4.00,15.00,8.00,6.00,3.00,3.00,0.00,0.00,0.00
Dag and Red,York,2.00,0.00,1.00,0.00,10.00,14.00,4.00,4.00,15.00,12.00,3.00,9.00,1.00,4.00,0.00,0.00
Hartlepool,Southend,0.00,1.00,0.00,1.00,14.00,7.00,4.00,2.00,11.00,13.00,6.00,1.00,2.00,0.00,0.00,1.00
Mansfield,Exeter,0.00,0.00,0.00,0.00,14.00,17.00,2.00,4.00,11.00,13.00,9.00,8.00,0.00,0.00,0.00,0.00
Morecambe,Torquay,1.00,1.00,1.00,0.00,19.00,11.00,5.00,3.00,12.00,14.00,5.00,5.00,1.00,1.00,0.00,1.00
Northampton,Newport County,3.00,1.00,2.00,0.00,8.00,17.00,5.00,6.00,15.00,9.00,1.00,10.00,1.00,0.00,0.00,0.00
Oxford,Bury,2.00,1.00,1.00,0.00,6.00,8.00,3.00,2.00,12.00,16.00,3.00,12.00,1.00,2.00,0.00,1.00
Plymouth,Fleetwood Town,0.00,2.00,0.00,2.00,10.00,9.00,3.00,4.00,6.00,8.00,6.00,3.00,0.00,1.00,0.00,0.00
Bury,Accrington,3.00,0.00,2.00,0.00,7.00,7.00,5.00,1.00,14.00,12.00,1.00,4.00,2.00,2.00,0.00,1.00
Cheltenham,Plymouth,1.00,3.00,0.00,3.00,10.00,9.00,5.00,5.00,8.00,14.00,4.00,4.00,2.00,3.00,0.00,0.00
Exeter,AFC Wimbledon,2.00,0.00,2.00,0.00,15.00,17.00,5.00,4.00,5.00,7.00,15.00,9.00,2.00,2.00,0.00,0.00
Fleetwood Town,Burton,2.00,3.00,0.00,3.00,14.00,11.00,4.00,3.00,7.00,11.00,3.00,6.00,1.00,1.00,0.00,0.00
Newport County,Bristol Rvs,1.00,0.00,1.00,0.00,8.00,7.00,3.00,3.00,9.00,8.00,5.00,9.00,2.00,1.00,0.00,0.00
Portsmouth,Morecambe,3.00,0.00,3.00,0.00,9.00,3.00,6.00,0.00,9.00,11.00,4.00,5.00,1.00,3.00,0.00,1.00
Rochdale,Chesterfield,2.00,2.00,1.00,1.00,14.00,12.00,4.00,5.00,21.00,13.00,5.00,3.00,3.00,3.00,0.00,0.00
Scunthorpe,Dag and Red,1.00,1.00,0.00,0.00,12.00,8.00,4.00,3.00,7.00,13.00,6.00,3.00,1.00,2.00,0.00,0.00
Southend,Northampton,2.00,0.00,1.00,0.00,12.00,3.00,4.00,2.00,16.00,12.00,3.00,1.00,1.00,2.00,0.00,1.00
Torquay,Oxford,1.00,3.00,0.00,0.00,10.00,6.00,8.00,4.00,7.00,8.00,7.00,3.00,2.00,1.00,0.00,0.00
Wycombe,Mansfield,0.00,1.00,0.00,0.00,3.00,9.00,2.00,3.00,16.00,8.00,4.00,5.00,3.00,2.00,0.00,0.00
York,Hartlepool,0.00,0.00,0.00,0.00,5.00,6.00,0.00,0.00,5.00,11.00,7.00,5.00,0.00,2.00,0.00,0.00
Accrington,Cheltenham,0.00,1.00,0.00,0.00,6.00,10.00,1.00,2.00,10.00,18.00,5.00,3.00,1.00,1.00,0.00,0.00
AFC Wimbledon,Scunthorpe,3.00,2.00,0.00,2.00,18.00,18.00,8.00,9.00,10.00,12.00,9.00,5.00,3.00,2.00,0.00,0.00
Bristol Rvs,York,3.00,2.00,2.00,1.00,6.00,13.00,4.00,3.00,13.00,13.00,5.00,9.00,3.00,2.00,0.00,1.00
Burton,Bury,2.00,2.00,0.00,2.00,13.00,10.00,4.00,5.00,8.00,12.00,8.00,4.00,1.00,4.00,0.00,0.00
Chesterfield,Southend,2.00,1.00,0.00,0.00,15.00,8.00,9.00,3.00,10.00,15.00,4.00,8.00,2.00,3.00,0.00,0.00
Dag and Red,Newport County,1.00,1.00,0.00,1.00,11.00,16.00,5.00,3.00,6.00,11.00,1.00,9.00,0.00,1.00,0.00,0.00
Hartlepool,Fleetwood Town,0.00,1.00,0.00,1.00,9.00,14.00,6.00,6.00,9.00,12.00,7.00,4.00,3.00,1.00,0.00,0.00
Mansfield,Portsmouth,2.00,2.00,1.00,2.00,14.00,9.00,6.00,4.00,6.00,6.00,7.00,7.00,0.00,0.00,0.00,0.00
Morecambe,Exeter,2.00,0.00,0.00,0.00,13.00,10.00,6.00,2.00,11.00,15.00,2.00,7.00,0.00,0.00,0.00,0.00
Northampton,Torquay,1.00,2.00,1.00,0.00,11.00,14.00,2.00,8.00,7.00,8.00,6.00,7.00,0.00,0.00,0.00,0.00
Oxford,Wycombe,2.00,2.00,0.00,1.00,11.00,7.00,6.00,2.00,14.00,14.00,5.00,3.00,1.00,4.00,0.00,1.00
Plymouth,Rochdale,1.00,0.00,1.00,0.00,6.00,12.00,3.00,3.00,11.00,10.00,5.00,8.00,2.00,3.00,0.00,0.00
Accrington,Burton,0.00,1.00,0.00,0.00,12.00,13.00,2.00,6.00,12.00,15.00,7.00,4.00,2.00,1.00,0.00,0.00
AFC Wimbledon,Fleetwood Town,2.00,0.00,2.00,0.00,14.00,11.00,2.00,1.00,10.00,9.00,5.00,5.00,1.00,2.00,0.00,0.00
Bristol Rvs,Northampton,1.00,0.00,1.00,0.00,5.00,8.00,1.00,2.00,13.00,10.00,1.00,3.00,1.00,5.00,0.00,1.00
Bury,Cheltenham,4.00,1.00,3.00,1.00,11.00,7.00,6.00,0.00,12.00,8.00,8.00,3.00,1.00,0.00,0.00,0.00
Exeter,York,2.00,1.00,1.00,1.00,5.00,7.00,2.00,4.00,8.00,10.00,4.00,5.00,0.00,1.00,0.00,0.00
Mansfield,Dag and Red,3.00,0.00,1.00,0.00,10.00,9.00,3.00,0.00,17.00,13.00,4.00,4.00,3.00,3.00,0.00,0.00
Morecambe,Plymouth,2.00,1.00,1.00,1.00,8.00,9.00,2.00,1.00,11.00,12.00,8.00,7.00,1.00,3.00,0.00,0.00
Oxford,Rochdale,1.00,1.00,1.00,0.00,10.00,8.00,4.00,4.00,12.00,6.00,4.00,1.00,2.00,1.00,0.00,0.00
Portsmouth,Chesterfield,0.00,2.00,0.00,0.00,5.00,8.00,1.00,3.00,3.00,7.00,7.00,1.00,0.00,1.00,1.00,0.00
Scunthorpe,Newport County,1.00,1.00,1.00,0.00,5.00,11.00,3.00,5.00,10.00,9.00,4.00,5.00,0.00,3.00,0.00,0.00
Torquay,Hartlepool,0.00,0.00,0.00,0.00,14.00,6.00,5.00,1.00,11.00,7.00,2.00,4.00,1.00,2.00,0.00,0.00
Wycombe,Southend,2.00,1.00,2.00,1.00,7.00,7.00,3.00,2.00,17.00,13.00,2.00,11.00,3.00,2.00,0.00,0.00
Burton,Oxford,0.00,2.00,0.00,0.00,7.00,8.00,1.00,4.00,11.00,15.00,2.00,3.00,2.00,2.00,1.00,0.00
Cheltenham,Portsmouth,2.00,2.00,1.00,2.00,6.00,7.00,3.00,2.00,5.00,7.00,4.00,5.00,0.00,1.00,0.00,0.00
Chesterfield,Accrington,1.00,0.00,0.00,0.00,16.00,7.00,6.00,2.00,6.00,4.00,10.00,1.00,0.00,2.00,0.00,0.00
Dag and Red,Exeter,1.00,1.00,1.00,0.00,16.00,15.00,5.00,5.00,7.00,10.00,8.00,5.00,1.00,3.00,0.00,0.00
Fleetwood Town,Torquay,4.00,1.00,2.00,0.00,21.00,7.00,9.00,1.00,10.00,13.00,9.00,13.00,1.00,2.00,0.00,0.00
Hartlepool,Wycombe,1.00,2.00,0.00,0.00,8.00,8.00,2.00,4.00,13.00,18.00,3.00,4.00,2.00,2.00,0.00,0.00
Newport County,Mansfield,1.00,1.00,1.00,0.00,5.00,9.00,2.00,4.00,13.00,12.00,6.00,5.00,2.00,3.00,1.00,1.00
Northampton,Scunthorpe,1.00,1.00,0.00,0.00,14.00,16.00,7.00,6.00,16.00,7.00,6.00,7.00,3.00,2.00,0.00,0.00
Plymouth,Bristol Rvs,1.00,0.00,0.00,0.00,8.00,7.00,1.00,3.00,9.00,13.00,6.00,7.00,1.00,0.00,0.00,0.00
Rochdale,Bury,1.00,0.00,1.00,0.00,7.00,9.00,3.00,1.00,12.00,14.00,6.00,7.00,2.00,0.00,1.00,0.00
Southend,Morecambe,1.00,3.00,1.00,1.00,11.00,10.00,4.00,4.00,6.00,15.00,6.00,6.00,1.00,1.00,0.00,1.00
York,AFC Wimbledon,0.00,2.00,0.00,1.00,8.00,11.00,3.00,6.00,5.00,13.00,7.00,6.00,1.00,2.00,0.00,0.00
Southend,Scunthorpe,0.00,1.00,0.00,0.00,13.00,7.00,3.00,2.00,16.00,8.00,6.00,7.00,2.00,0.00,0.00,0.00
Burton,Portsmouth,1.00,2.00,0.00,1.00,14.00,10.00,4.00,6.00,12.00,12.00,6.00,5.00,2.00,1.00,0.00,1.00
Cheltenham,Oxford,2.00,2.00,1.00,1.00,12.00,8.00,6.00,5.00,9.00,7.00,3.00,7.00,2.00,2.00,0.00,0.00
Chesterfield,AFC Wimbledon,2.00,0.00,1.00,0.00,17.00,14.00,4.00,9.00,3.00,8.00,7.00,6.00,1.00,2.00,0.00,0.00
Dag and Red,Bristol Rvs,2.00,0.00,1.00,0.00,10.00,12.00,5.00,2.00,11.00,15.00,5.00,8.00,2.00,1.00,0.00,0.00
Fleetwood Town,Bury,2.00,1.00,0.00,1.00,20.00,6.00,8.00,2.00,6.00,12.00,4.00,3.00,2.00,3.00,0.00,0.00
Hartlepool,Accrington,2.00,1.00,2.00,0.00,10.00,9.00,5.00,1.00,13.00,11.00,5.00,2.00,0.00,0.00,0.00,0.00
Newport County,Morecambe,2.00,3.00,2.00,1.00,11.00,12.00,5.00,7.00,11.00,8.00,5.00,3.00,2.00,2.00,0.00,0.00
Northampton,Exeter,1.00,2.00,1.00,1.00,17.00,7.00,5.00,2.00,18.00,10.00,6.00,3.00,2.00,1.00,0.00,0.00
Plymouth,Wycombe,0.00,3.00,0.00,0.00,7.00,9.00,2.00,4.00,10.00,9.00,3.00,11.00,0.00,2.00,0.00,0.00
Rochdale,Torquay,1.00,0.00,0.00,0.00,9.00,7.00,4.00,3.00,11.00,10.00,10.00,11.00,1.00,0.00,0.00,0.00
York,Mansfield,1.00,2.00,1.00,1.00,13.00,11.00,4.00,7.00,11.00,14.00,9.00,7.00,3.00,3.00,1.00,1.00
Accrington,Rochdale,1.00,2.00,1.00,2.00,13.00,8.00,4.00,4.00,12.00,9.00,10.00,2.00,2.00,1.00,0.00,1.00
AFC Wimbledon,Burton,3.00,1.00,0.00,1.00,7.00,2.00,5.00,1.00,2.00,3.00,8.00,2.00,0.00,0.00,0.00,1.00
Bristol Rvs,Hartlepool,2.00,2.00,1.00,2.00,17.00,11.00,4.00,5.00,10.00,8.00,8.00,7.00,1.00,2.00,0.00,0.00
Bury,Southend,1.00,1.00,0.00,1.00,9.00,11.00,2.00,4.00,10.00,15.00,7.00,3.00,1.00,1.00,0.00,1.00
Exeter,Newport County,0.00,2.00,0.00,1.00,16.00,11.00,6.00,4.00,4.00,8.00,10.00,5.00,1.00,3.00,0.00,0.00
Mansfield,Northampton,3.00,0.00,2.00,0.00,9.00,19.00,4.00,7.00,13.00,8.00,1.00,8.00,0.00,0.00,0.00,0.00
Morecambe,Dag and Red,2.00,2.00,0.00,1.00,18.00,8.00,10.00,3.00,7.00,10.00,6.00,1.00,1.00,0.00,0.00,0.00
Oxford,Chesterfield,0.00,1.00,0.00,1.00,9.00,8.00,2.00,4.00,10.00,6.00,3.00,6.00,1.00,2.00,1.00,0.00
Portsmouth,Fleetwood Town,0.00,1.00,0.00,0.00,7.00,16.00,1.00,3.00,8.00,11.00,7.00,8.00,2.00,2.00,0.00,0.00
Scunthorpe,Plymouth,1.00,0.00,0.00,0.00,12.00,15.00,6.00,7.00,11.00,14.00,5.00,8.00,2.00,2.00,0.00,0.00
Torquay,Cheltenham,4.00,2.00,2.00,1.00,14.00,12.00,8.00,4.00,10.00,6.00,9.00,9.00,1.00,1.00,0.00,0.00
Wycombe,York,1.00,1.00,0.00,0.00,9.00,13.00,3.00,6.00,17.00,16.00,6.00,8.00,4.00,1.00,0.00,0.00
Southend,Bristol Rvs,1.00,1.00,0.00,0.00,16.00,6.00,5.00,4.00,6.00,9.00,12.00,5.00,1.00,4.00,0.00,0.00
Burton,Scunthorpe,2.00,2.00,1.00,0.00,13.00,7.00,3.00,2.00,12.00,16.00,6.00,3.00,2.00,2.00,0.00,0.00
Cheltenham,AFC Wimbledon,1.00,0.00,0.00,0.00,9.00,6.00,5.00,2.00,9.00,8.00,7.00,8.00,1.00,0.00,0.00,0.00
Chesterfield,Mansfield,0.00,1.00,0.00,1.00,19.00,7.00,6.00,3.00,10.00,9.00,7.00,1.00,2.00,3.00,1.00,0.00
Dag and Red,Bury,2.00,1.00,1.00,0.00,3.00,14.00,3.00,9.00,8.00,16.00,2.00,5.00,0.00,1.00,0.00,0.00
Fleetwood Town,Exeter,1.00,2.00,0.00,0.00,24.00,9.00,8.00,3.00,7.00,4.00,8.00,3.00,1.00,2.00,0.00,0.00
Hartlepool,Oxford,1.00,3.00,0.00,1.00,6.00,5.00,2.00,4.00,9.00,14.00,6.00,1.00,1.00,2.00,1.00,0.00
Newport County,Torquay,2.00,1.00,2.00,0.00,5.00,10.00,3.00,5.00,11.00,8.00,1.00,7.00,1.00,2.00,0.00,0.00
Northampton,Morecambe,0.00,0.00,0.00,0.00,6.00,11.00,0.00,4.00,12.00,10.00,3.00,5.00,3.00,1.00,0.00,0.00
Plymouth,Accrington,0.00,0.00,0.00,0.00,12.00,6.00,4.00,2.00,12.00,8.00,6.00,12.00,2.00,3.00,0.00,0.00
Rochdale,Wycombe,3.00,2.00,3.00,1.00,10.00,8.00,8.00,4.00,3.00,11.00,10.00,5.00,1.00,2.00,0.00,0.00
York,Portsmouth,4.00,2.00,1.00,0.00,15.00,5.00,9.00,3.00,12.00,16.00,7.00,5.00,3.00,3.00,0.00,0.00
Accrington,Dag and Red,1.00,2.00,0.00,0.00,3.00,7.00,1.00,4.00,10.00,9.00,6.00,3.00,1.00,0.00,0.00,0.00
AFC Wimbledon,Northampton,0.00,2.00,0.00,1.00,8.00,7.00,4.00,2.00,5.00,8.00,8.00,1.00,2.00,5.00,0.00,0.00
Bristol Rvs,Fleetwood Town,1.00,3.00,0.00,0.00,10.00,11.00,2.00,4.00,11.00,12.00,6.00,4.00,1.00,2.00,0.00,0.00
Bury,Newport County,0.00,0.00,0.00,0.00,8.00,6.00,2.00,2.00,11.00,14.00,6.00,6.00,1.00,2.00,0.00,0.00
Exeter,Plymouth,3.00,1.00,0.00,0.00,12.00,10.00,6.00,6.00,5.00,7.00,7.00,2.00,1.00,0.00,0.00,0.00
Mansfield,Hartlepool,1.00,4.00,0.00,2.00,15.00,15.00,2.00,7.00,13.00,15.00,6.00,3.00,2.00,3.00,0.00,0.00
Morecambe,Chesterfield,4.00,3.00,0.00,3.00,13.00,14.00,7.00,9.00,10.00,10.00,9.00,4.00,2.00,0.00,0.00,0.00
Oxford,Southend,0.00,2.00,0.00,2.00,11.00,10.00,4.00,7.00,17.00,12.00,8.00,1.00,1.00,1.00,0.00,0.00
Portsmouth,Rochdale,3.00,0.00,1.00,0.00,9.00,8.00,3.00,4.00,16.00,11.00,7.00,2.00,4.00,1.00,0.00,0.00
Scunthorpe,Cheltenham,2.00,0.00,1.00,0.00,14.00,11.00,5.00,5.00,12.00,18.00,2.00,10.00,2.00,1.00,0.00,0.00
Torquay,York,0.00,3.00,0.00,0.00,11.00,9.00,4.00,4.00,11.00,12.00,7.00,7.00,1.00,1.00,0.00,0.00
Wycombe,Burton,1.00,2.00,0.00,1.00,2.00,3.00,2.00,3.00,13.00,15.00,5.00,2.00,0.00,2.00,1.00,0.00
AFC Wimbledon,Accrington,1.00,1.00,0.00,1.00,11.00,7.00,4.00,3.00,12.00,6.00,6.00,3.00,3.00,2.00,0.00,1.00
Burton,Southend,0.00,1.00,0.00,0.00,11.00,12.00,4.00,5.00,10.00,13.00,3.00,5.00,2.00,2.00,1.00,0.00
Bury,Morecambe,0.00,2.00,0.00,0.00,11.00,6.00,5.00,3.00,9.00,8.00,7.00,6.00,2.00,1.00,0.00,0.00
Dag and Red,Cheltenham,1.00,2.00,1.00,1.00,10.00,11.00,6.00,5.00,17.00,20.00,1.00,4.00,3.00,4.00,0.00,0.00
Exeter,Hartlepool,0.00,3.00,0.00,1.00,7.00,12.00,2.00,7.00,7.00,10.00,4.00,4.00,1.00,0.00,0.00,0.00
Fleetwood Town,Chesterfield,1.00,1.00,0.00,0.00,17.00,18.00,6.00,7.00,14.00,15.00,4.00,12.00,3.00,3.00,0.00,0.00
Mansfield,Bristol Rvs,1.00,1.00,1.00,0.00,7.00,16.00,2.00,8.00,6.00,5.00,3.00,5.00,0.00,0.00,0.00,0.00
Oxford,Northampton,2.00,0.00,2.00,0.00,8.00,7.00,4.00,0.00,14.00,15.00,2.00,7.00,1.00,3.00,0.00,0.00
Plymouth,Portsmouth,1.00,1.00,1.00,1.00,15.00,13.00,7.00,2.00,12.00,13.00,5.00,7.00,0.00,1.00,0.00,0.00
Rochdale,Newport County,3.00,0.00,2.00,0.00,14.00,6.00,6.00,3.00,6.00,18.00,7.00,3.00,0.00,2.00,0.00,0.00
Wycombe,Torquay,3.00,2.00,1.00,2.00,10.00,8.00,6.00,4.00,12.00,14.00,7.00,5.00,0.00,2.00,0.00,0.00
Southend,Fleetwood Town,2.00,0.00,1.00,0.00,14.00,11.00,6.00,6.00,10.00,11.00,5.00,6.00,2.00,0.00,0.00,0.00
Accrington,Oxford,0.00,0.00,0.00,0.00,6.00,15.00,2.00,5.00,8.00,16.00,2.00,3.00,1.00,4.00,0.00,0.00
Bristol Rvs,Wycombe,0.00,1.00,0.00,0.00,5.00,20.00,0.00,6.00,6.00,10.00,2.00,10.00,0.00,1.00,1.00,0.00
Cheltenham,Rochdale,1.00,2.00,0.00,0.00,1.00,7.00,1.00,2.00,9.00,13.00,5.00,3.00,3.00,3.00,0.00,0.00
Chesterfield,Burton,0.00,2.00,0.00,2.00,12.00,9.00,4.00,3.00,7.00,7.00,11.00,4.00,0.00,0.00,0.00,0.00
Hartlepool,Plymouth,1.00,0.00,0.00,0.00,7.00,21.00,4.00,9.00,12.00,15.00,0.00,15.00,2.00,1.00,1.00,0.00
Morecambe,AFC Wimbledon,1.00,1.00,1.00,0.00,2.00,7.00,1.00,1.00,9.00,9.00,5.00,2.00,2.00,3.00,0.00,0.00
Newport County,York,3.00,0.00,2.00,0.00,13.00,7.00,4.00,2.00,10.00,10.00,6.00,5.00,2.00,2.00,0.00,0.00
Northampton,Dag and Red,2.00,2.00,1.00,2.00,19.00,9.00,5.00,3.00,16.00,11.00,6.00,3.00,4.00,1.00,0.00,0.00
Portsmouth,Bury,1.00,0.00,1.00,0.00,3.00,10.00,1.00,3.00,8.00,11.00,2.00,7.00,4.00,1.00,0.00,0.00
Scunthorpe,Exeter,0.00,4.00,0.00,1.00,19.00,7.00,7.00,5.00,14.00,9.00,12.00,1.00,2.00,3.00,0.00,0.00
Torquay,Mansfield,0.00,0.00,0.00,0.00,9.00,9.00,2.00,2.00,15.00,17.00,4.00,6.00,1.00,1.00,1.00,0.00
Accrington,Bristol Rvs,2.00,1.00,2.00,1.00,9.00,13.00,6.00,4.00,10.00,14.00,5.00,3.00,1.00,3.00,0.00,0.00
Burton,Torquay,2.00,0.00,0.00,0.00,16.00,10.00,8.00,3.00,10.00,15.00,8.00,0.00,2.00,1.00,0.00,0.00
Bury,Mansfield,0.00,0.00,0.00,0.00,9.00,9.00,5.00,3.00,12.00,11.00,4.00,4.00,0.00,2.00,0.00,1.00
Cheltenham,Morecambe,3.00,0.00,1.00,0.00,14.00,3.00,7.00,2.00,8.00,11.00,8.00,5.00,1.00,1.00,0.00,1.00
Chesterfield,York,2.00,2.00,0.00,1.00,13.00,4.00,3.00,4.00,14.00,11.00,10.00,3.00,3.00,1.00,0.00,0.00
Fleetwood Town,Scunthorpe,0.00,1.00,0.00,0.00,12.00,7.00,6.00,1.00,11.00,12.00,4.00,2.00,1.00,2.00,0.00,0.00
Hartlepool,AFC Wimbledon,3.00,1.00,1.00,0.00,7.00,12.00,4.00,4.00,10.00,10.00,3.00,11.00,2.00,1.00,0.00,0.00
Oxford,Exeter,0.00,0.00,0.00,0.00,6.00,4.00,1.00,2.00,7.00,9.00,5.00,2.00,1.00,3.00,1.00,0.00
Plymouth,Newport County,0.00,0.00,0.00,0.00,7.00,13.00,1.00,2.00,8.00,7.00,4.00,9.00,0.00,0.00,0.00,0.00
Rochdale,Northampton,3.00,2.00,1.00,2.00,11.00,6.00,4.00,4.00,6.00,7.00,8.00,6.00,0.00,0.00,0.00,0.00
Southend,Dag and Red,0.00,1.00,0.00,1.00,7.00,10.00,3.00,4.00,17.00,10.00,8.00,3.00,2.00,1.00,1.00,0.00
AFC Wimbledon,Oxford,0.00,2.00,0.00,1.00,7.00,9.00,3.00,3.00,13.00,12.00,6.00,3.00,0.00,1.00,0.00,0.00
Bristol Rvs,Chesterfield,0.00,0.00,0.00,0.00,5.00,7.00,1.00,3.00,9.00,12.00,2.00,8.00,0.00,0.00,0.00,1.00
Dag and Red,Rochdale,3.00,1.00,1.00,0.00,8.00,23.00,5.00,6.00,10.00,14.00,3.00,8.00,1.00,3.00,0.00,0.00
Exeter,Burton,0.00,1.00,0.00,0.00,9.00,12.00,4.00,5.00,14.00,7.00,7.00,14.00,0.00,3.00,0.00,0.00
Mansfield,Plymouth,0.00,1.00,0.00,0.00,17.00,10.00,4.00,5.00,15.00,15.00,10.00,2.00,2.00,0.00,0.00,0.00
Morecambe,Accrington,1.00,2.00,0.00,1.00,16.00,12.00,5.00,6.00,8.00,9.00,4.00,4.00,0.00,0.00,0.00,0.00
Newport County,Southend,3.00,1.00,2.00,1.00,16.00,6.00,10.00,3.00,16.00,11.00,8.00,4.00,0.00,1.00,0.00,0.00
Northampton,Cheltenham,1.00,1.00,1.00,1.00,8.00,17.00,2.00,5.00,11.00,12.00,3.00,5.00,2.00,1.00,0.00,0.00
Scunthorpe,Hartlepool,1.00,0.00,0.00,0.00,6.00,14.00,3.00,6.00,6.00,4.00,5.00,5.00,1.00,1.00,0.00,0.00
Torquay,Portsmouth,1.00,1.00,1.00,0.00,5.00,12.00,2.00,4.00,11.00,10.00,3.00,5.00,0.00,2.00,0.00,0.00
Wycombe,Bury,1.00,2.00,1.00,0.00,4.00,10.00,2.00,2.00,14.00,11.00,6.00,6.00,2.00,1.00,1.00,0.00
York,Fleetwood Town,0.00,2.00,0.00,1.00,7.00,10.00,2.00,7.00,14.00,15.00,9.00,4.00,0.00,2.00,0.00,0.00
York,Scunthorpe,4.00,1.00,4.00,0.00,14.00,13.00,10.00,5.00,14.00,15.00,2.00,5.00,1.00,2.00,0.00,0.00
Southend,Mansfield,3.00,0.00,2.00,0.00,14.00,6.00,10.00,1.00,5.00,14.00,4.00,4.00,0.00,2.00,1.00,2.00
Accrington,Wycombe,1.00,1.00,0.00,0.00,7.00,15.00,3.00,4.00,7.00,8.00,5.00,7.00,1.00,2.00,0.00,0.00
Burton,Morecambe,0.00,1.00,0.00,1.00,11.00,10.00,4.00,3.00,8.00,16.00,3.00,1.00,2.00,5.00,1.00,0.00
Bury,Torquay,1.00,3.00,1.00,2.00,13.00,7.00,4.00,4.00,9.00,14.00,12.00,5.00,1.00,1.00,0.00,0.00
Cheltenham,York,2.00,2.00,2.00,1.00,12.00,9.00,6.00,6.00,13.00,14.00,8.00,7.00,2.00,1.00,0.00,0.00
Chesterfield,Scunthorpe,1.00,1.00,1.00,0.00,14.00,9.00,4.00,4.00,9.00,12.00,7.00,7.00,1.00,0.00,0.00,0.00
Fleetwood Town,Newport County,4.00,1.00,1.00,0.00,17.00,11.00,13.00,5.00,11.00,9.00,3.00,10.00,1.00,3.00,0.00,0.00
Hartlepool,Dag and Red,2.00,1.00,1.00,0.00,8.00,9.00,4.00,5.00,11.00,8.00,5.00,4.00,4.00,1.00,0.00,0.00
Oxford,Bristol Rvs,0.00,1.00,0.00,0.00,14.00,5.00,4.00,4.00,13.00,10.00,5.00,7.00,1.00,3.00,0.00,0.00
Plymouth,Northampton,1.00,0.00,0.00,0.00,14.00,11.00,7.00,1.00,10.00,11.00,6.00,5.00,2.00,1.00,0.00,0.00
Portsmouth,Exeter,3.00,2.00,1.00,0.00,15.00,11.00,8.00,6.00,11.00,7.00,12.00,7.00,1.00,1.00,0.00,0.00
Rochdale,AFC Wimbledon,1.00,2.00,1.00,0.00,11.00,9.00,3.00,3.00,8.00,10.00,6.00,4.00,2.00,2.00,0.00,0.00
Newport County,Hartlepool,2.00,0.00,1.00,0.00,11.00,8.00,3.00,5.00,11.00,3.00,4.00,6.00,0.00,0.00,0.00,0.00
AFC Wimbledon,Portsmouth,4.00,0.00,1.00,0.00,8.00,4.00,6.00,1.00,10.00,14.00,6.00,5.00,2.00,3.00,0.00,0.00
Bristol Rvs,Bury,1.00,1.00,1.00,1.00,8.00,12.00,3.00,5.00,18.00,12.00,12.00,4.00,2.00,2.00,0.00,0.00
Dag and Red,Burton,2.00,0.00,1.00,0.00,9.00,15.00,4.00,7.00,15.00,12.00,5.00,9.00,1.00,3.00,0.00,0.00
Exeter,Southend,0.00,2.00,0.00,2.00,13.00,9.00,5.00,7.00,12.00,12.00,3.00,3.00,1.00,1.00,0.00,0.00
Mansfield,Oxford,1.00,3.00,1.00,2.00,8.00,16.00,5.00,5.00,13.00,16.00,5.00,2.00,2.00,2.00,1.00,0.00
Morecambe,Rochdale,1.00,2.00,0.00,0.00,7.00,13.00,3.00,3.00,13.00,5.00,2.00,3.00,3.00,0.00,0.00,0.00
Northampton,Fleetwood Town,1.00,0.00,0.00,0.00,13.00,8.00,4.00,1.00,19.00,15.00,9.00,5.00,1.00,3.00,0.00,0.00
Scunthorpe,Accrington,0.00,2.00,0.00,2.00,9.00,12.00,3.00,7.00,13.00,9.00,1.00,7.00,2.00,2.00,0.00,0.00
Torquay,Chesterfield,0.00,2.00,0.00,2.00,2.00,13.00,0.00,5.00,13.00,11.00,1.00,10.00,1.00,1.00,0.00,0.00
Wycombe,Cheltenham,1.00,2.00,0.00,0.00,7.00,8.00,4.00,5.00,5.00,13.00,4.00,6.00,1.00,0.00,0.00,0.00
York,Plymouth,1.00,1.00,0.00,0.00,9.00,8.00,4.00,4.00,7.00,12.00,10.00,0.00,1.00,3.00,0.00,0.00
Accrington,Torquay,2.00,1.00,1.00,1.00,6.00,14.00,4.00,3.00,6.00,10.00,4.00,4.00,1.00,3.00,0.00,0.00
Burton,Bristol Rvs,1.00,0.00,0.00,0.00,16.00,7.00,8.00,1.00,10.00,12.00,6.00,5.00,1.00,0.00,1.00,2.00
Bury,AFC Wimbledon,1.00,1.00,1.00,0.00,8.00,8.00,4.00,3.00,7.00,10.00,9.00,2.00,1.00,2.00,0.00,0.00
Cheltenham,Newport County,0.00,0.00,0.00,0.00,5.00,4.00,1.00,1.00,10.00,13.00,7.00,6.00,2.00,2.00,0.00,0.00
Chesterfield,Wycombe,2.00,0.00,2.00,0.00,4.00,10.00,3.00,3.00,16.00,12.00,4.00,4.00,2.00,1.00,0.00,0.00
Fleetwood Town,Mansfield,5.00,4.00,2.00,2.00,16.00,13.00,9.00,10.00,12.00,17.00,8.00,3.00,1.00,1.00,0.00,0.00
Hartlepool,Northampton,2.00,0.00,1.00,0.00,13.00,5.00,7.00,2.00,8.00,14.00,9.00,3.00,2.00,2.00,0.00,0.00
Oxford,Morecambe,3.00,0.00,3.00,0.00,10.00,8.00,6.00,5.00,14.00,14.00,5.00,3.00,1.00,2.00,0.00,0.00
Plymouth,Dag and Red,2.00,1.00,1.00,1.00,10.00,7.00,3.00,3.00,13.00,12.00,9.00,3.00,0.00,2.00,0.00,0.00
Portsmouth,Scunthorpe,1.00,2.00,1.00,1.00,6.00,17.00,2.00,12.00,13.00,8.00,8.00,13.00,2.00,1.00,0.00,0.00
Rochdale,Exeter,3.00,1.00,1.00,0.00,7.00,5.00,4.00,1.00,2.00,4.00,4.00,4.00,0.00,1.00,0.00,0.00
Southend,York,2.00,1.00,1.00,0.00,10.00,14.00,4.00,6.00,7.00,11.00,7.00,5.00,1.00,2.00,1.00,1.00
Accrington,Fleetwood Town,2.00,0.00,0.00,0.00,8.00,12.00,4.00,0.00,4.00,11.00,6.00,7.00,0.00,0.00,0.00,0.00
AFC Wimbledon,Dag and Red,1.00,1.00,1.00,0.00,5.00,10.00,2.00,5.00,18.00,11.00,5.00,5.00,1.00,0.00,0.00,0.00
Burton,Mansfield,1.00,0.00,0.00,0.00,14.00,9.00,9.00,6.00,7.00,16.00,4.00,5.00,0.00,1.00,0.00,0.00
Bury,Hartlepool,1.00,0.00,0.00,0.00,12.00,2.00,6.00,2.00,15.00,3.00,6.00,4.00,1.00,0.00,0.00,0.00
Cheltenham,Bristol Rvs,0.00,0.00,0.00,0.00,6.00,7.00,3.00,3.00,10.00,7.00,7.00,3.00,1.00,0.00,0.00,0.00
Chesterfield,Northampton,0.00,0.00,0.00,0.00,4.00,2.00,2.00,1.00,4.00,4.00,2.00,9.00,1.00,1.00,0.00,0.00
Morecambe,York,0.00,0.00,0.00,0.00,14.00,10.00,5.00,5.00,6.00,8.00,3.00,7.00,2.00,1.00,0.00,0.00
Oxford,Newport County,0.00,0.00,0.00,0.00,4.00,8.00,1.00,1.00,12.00,23.00,2.00,8.00,3.00,5.00,0.00,0.00
Portsmouth,Southend,1.00,2.00,1.00,0.00,9.00,9.00,2.00,4.00,14.00,9.00,7.00,2.00,2.00,1.00,0.00,1.00
Rochdale,Scunthorpe,0.00,4.00,0.00,1.00,4.00,7.00,1.00,4.00,6.00,6.00,6.00,2.00,1.00,0.00,2.00,0.00
Torquay,Plymouth,1.00,1.00,1.00,1.00,8.00,7.00,5.00,4.00,18.00,12.00,5.00,5.00,0.00,2.00,0.00,0.00
Wycombe,Exeter,1.00,1.00,1.00,0.00,7.00,5.00,5.00,2.00,15.00,12.00,7.00,3.00,3.00,0.00,0.00,0.00
Bristol Rvs,AFC Wimbledon,3.00,0.00,2.00,0.00,12.00,6.00,6.00,1.00,12.00,13.00,5.00,6.00,0.00,4.00,0.00,1.00
Dag and Red,Wycombe,2.00,0.00,1.00,0.00,13.00,8.00,4.00,4.00,13.00,16.00,3.00,7.00,3.00,2.00,0.00,1.00
Exeter,Bury,2.00,2.00,1.00,1.00,13.00,13.00,4.00,6.00,6.00,13.00,4.00,9.00,0.00,1.00,0.00,0.00
Fleetwood Town,Oxford,1.00,1.00,1.00,0.00,7.00,20.00,3.00,6.00,14.00,12.00,7.00,9.00,1.00,2.00,0.00,0.00
Hartlepool,Portsmouth,0.00,0.00,0.00,0.00,11.00,9.00,6.00,4.00,6.00,13.00,7.00,6.00,1.00,1.00,0.00,0.00
Mansfield,Morecambe,1.00,2.00,1.00,0.00,6.00,5.00,4.00,2.00,8.00,6.00,6.00,4.00,1.00,1.00,0.00,0.00
Northampton,Accrington,1.00,0.00,1.00,0.00,7.00,9.00,3.00,2.00,12.00,6.00,4.00,9.00,0.00,0.00,0.00,0.00
Plymouth,Burton,0.00,1.00,0.00,1.00,19.00,5.00,3.00,2.00,4.00,10.00,6.00,2.00,0.00,3.00,0.00,0.00
Scunthorpe,Torquay,3.00,1.00,2.00,0.00,7.00,6.00,4.00,3.00,13.00,16.00,7.00,2.00,0.00,1.00,0.00,0.00
Southend,Cheltenham,1.00,1.00,1.00,0.00,5.00,11.00,3.00,6.00,14.00,12.00,3.00,8.00,3.00,1.00,0.00,0.00
York,Rochdale,0.00,0.00,0.00,0.00,11.00,8.00,4.00,2.00,11.00,11.00,12.00,4.00,3.00,3.00,0.00,0.00
Newport County,Chesterfield,3.00,2.00,1.00,0.00,12.00,16.00,5.00,5.00,10.00,6.00,4.00,7.00,1.00,1.00,0.00,1.00
Portsmouth,Wycombe,2.00,2.00,0.00,1.00,8.00,10.00,6.00,6.00,15.00,10.00,6.00,6.00,1.00,1.00,0.00,0.00
Morecambe,Cheltenham,0.00,1.00,0.00,0.00,7.00,18.00,1.00,6.00,10.00,5.00,3.00,6.00,1.00,2.00,0.00,0.00
Accrington,Exeter,2.00,3.00,1.00,3.00,12.00,8.00,5.00,5.00,11.00,8.00,13.00,3.00,2.00,0.00,0.00,0.00
AFC Wimbledon,Mansfield,0.00,0.00,0.00,0.00,12.00,11.00,2.00,6.00,8.00,14.00,10.00,8.00,1.00,0.00,0.00,0.00
Burton,York,1.00,1.00,0.00,0.00,15.00,10.00,7.00,3.00,8.00,13.00,3.00,6.00,1.00,1.00,0.00,0.00
Bury,Northampton,1.00,1.00,1.00,1.00,7.00,2.00,2.00,0.00,9.00,10.00,5.00,5.00,1.00,0.00,0.00,0.00
Cheltenham,Hartlepool,2.00,2.00,2.00,0.00,5.00,8.00,4.00,3.00,8.00,10.00,9.00,6.00,0.00,1.00,0.00,0.00
Chesterfield,Plymouth,2.00,0.00,2.00,0.00,7.00,12.00,5.00,5.00,15.00,12.00,7.00,8.00,0.00,3.00,1.00,0.00
Morecambe,Bristol Rvs,2.00,1.00,0.00,1.00,14.00,11.00,5.00,5.00,11.00,9.00,9.00,3.00,4.00,4.00,0.00,0.00
Oxford,Dag and Red,2.00,1.00,1.00,1.00,13.00,1.00,7.00,1.00,14.00,10.00,6.00,0.00,1.00,0.00,0.00,0.00
Portsmouth,Newport County,0.00,2.00,0.00,0.00,9.00,8.00,2.00,3.00,8.00,7.00,6.00,5.00,2.00,4.00,0.00,0.00
Rochdale,Fleetwood Town,1.00,2.00,1.00,1.00,7.00,9.00,1.00,2.00,8.00,10.00,6.00,3.00,1.00,0.00,0.00,0.00
Torquay,Southend,1.00,0.00,0.00,0.00,17.00,8.00,5.00,4.00,5.00,11.00,9.00,5.00,0.00,0.00,0.00,0.00
Wycombe,Scunthorpe,1.00,1.00,0.00,0.00,7.00,8.00,3.00,5.00,12.00,4.00,4.00,6.00,1.00,1.00,1.00,0.00
Exeter,Chesterfield,0.00,2.00,0.00,0.00,7.00,11.00,1.00,7.00,8.00,8.00,5.00,10.00,1.00,1.00,0.00,0.00
Southend,Rochdale,1.00,1.00,1.00,1.00,7.00,10.00,2.00,2.00,12.00,12.00,5.00,5.00,1.00,1.00,0.00,0.00
Bristol Rvs,Portsmouth,2.00,0.00,1.00,0.00,14.00,4.00,7.00,2.00,9.00,13.00,5.00,7.00,0.00,1.00,0.00,0.00
Dag and Red,Torquay,0.00,1.00,0.00,0.00,18.00,8.00,6.00,3.00,8.00,13.00,12.00,6.00,0.00,0.00,0.00,0.00
Fleetwood Town,Cheltenham,0.00,2.00,0.00,1.00,15.00,11.00,6.00,3.00,16.00,9.00,6.00,6.00,1.00,2.00,0.00,0.00
Hartlepool,Burton,1.00,1.00,0.00,1.00,11.00,14.00,4.00,3.00,11.00,13.00,4.00,5.00,1.00,2.00,0.00,0.00
Mansfield,Accrington,2.00,3.00,1.00,0.00,9.00,10.00,3.00,4.00,11.00,7.00,7.00,6.00,1.00,0.00,0.00,0.00
Northampton,Wycombe,1.00,4.00,0.00,2.00,10.00,16.00,3.00,9.00,17.00,11.00,2.00,7.00,3.00,4.00,0.00,0.00
Plymouth,Bury,2.00,1.00,1.00,0.00,7.00,10.00,4.00,5.00,10.00,12.00,6.00,3.00,2.00,2.00,0.00,0.00
Scunthorpe,Morecambe,2.00,0.00,2.00,0.00,15.00,9.00,8.00,1.00,12.00,8.00,11.00,13.00,1.00,1.00,0.00,0.00
York,Oxford,0.00,0.00,0.00,0.00,6.00,8.00,2.00,5.00,13.00,8.00,6.00,2.00,3.00,1.00,0.00,0.00
Accrington,York,1.00,1.00,1.00,1.00,11.00,10.00,3.00,4.00,6.00,7.00,5.00,7.00,2.00,0.00,0.00,0.00
AFC Wimbledon,Southend,0.00,1.00,0.00,0.00,6.00,12.00,2.00,4.00,8.00,12.00,6.00,5.00,2.00,3.00,1.00,0.00
Burton,Northampton,1.00,0.00,0.00,0.00,20.00,5.00,5.00,2.00,11.00,16.00,9.00,6.00,0.00,2.00,0.00,0.00
Bury,Scunthorpe,2.00,2.00,0.00,1.00,7.00,6.00,3.00,3.00,11.00,8.00,4.00,3.00,0.00,2.00,0.00,1.00
Cheltenham,Exeter,1.00,0.00,1.00,0.00,11.00,10.00,6.00,4.00,7.00,11.00,6.00,1.00,2.00,3.00,0.00,0.00
Chesterfield,Hartlepool,1.00,1.00,1.00,0.00,17.00,12.00,7.00,4.00,15.00,9.00,8.00,4.00,1.00,1.00,0.00,1.00
Morecambe,Fleetwood Town,1.00,0.00,1.00,0.00,14.00,14.00,4.00,2.00,10.00,9.00,7.00,4.00,0.00,2.00,0.00,0.00
Oxford,Plymouth,2.00,3.00,0.00,0.00,6.00,9.00,2.00,5.00,15.00,16.00,1.00,2.00,3.00,4.00,0.00,0.00
Portsmouth,Dag and Red,1.00,0.00,1.00,0.00,9.00,6.00,3.00,1.00,9.00,12.00,6.00,6.00,2.00,2.00,0.00,0.00
Rochdale,Mansfield,3.00,0.00,2.00,0.00,9.00,1.00,5.00,0.00,4.00,11.00,3.00,7.00,0.00,1.00,0.00,0.00
Torquay,Bristol Rvs,1.00,1.00,1.00,1.00,10.00,17.00,2.00,6.00,11.00,7.00,2.00,8.00,3.00,0.00,0.00,0.00
Wycombe,Newport County,0.00,1.00,0.00,1.00,10.00,10.00,4.00,2.00,10.00,14.00,9.00,6.00,0.00,1.00,0.00,0.00
Accrington,Southend,1.00,1.00,0.00,0.00,11.00,16.00,4.00,8.00,4.00,14.00,6.00,8.00,1.00,0.00,0.00,0.00
AFC Wimbledon,Plymouth,1.00,1.00,0.00,0.00,10.00,8.00,5.00,4.00,8.00,9.00,3.00,6.00,1.00,1.00,0.00,0.00
Burton,Newport County,1.00,0.00,0.00,0.00,18.00,5.00,12.00,1.00,11.00,15.00,9.00,4.00,1.00,1.00,0.00,0.00
Bury,York,2.00,1.00,2.00,0.00,10.00,11.00,2.00,4.00,12.00,19.00,3.00,3.00,1.00,5.00,0.00,0.00
Cheltenham,Mansfield,1.00,2.00,0.00,2.00,11.00,6.00,3.00,4.00,5.00,14.00,6.00,3.00,0.00,2.00,0.00,0.00
Chesterfield,Dag and Red,1.00,1.00,0.00,0.00,8.00,14.00,7.00,4.00,11.00,10.00,10.00,8.00,2.00,2.00,1.00,0.00
Morecambe,Hartlepool,1.00,2.00,0.00,1.00,13.00,22.00,6.00,8.00,7.00,7.00,4.00,11.00,1.00,1.00,0.00,0.00
Oxford,Scunthorpe,0.00,2.00,0.00,1.00,11.00,9.00,3.00,4.00,10.00,11.00,5.00,3.00,1.00,1.00,0.00,0.00
Portsmouth,Northampton,0.00,0.00,0.00,0.00,7.00,7.00,2.00,3.00,8.00,5.00,8.00,7.00,0.00,0.00,0.00,0.00
Rochdale,Bristol Rvs,2.00,0.00,0.00,0.00,11.00,12.00,4.00,3.00,11.00,7.00,6.00,5.00,1.00,0.00,0.00,0.00
Torquay,Exeter,1.00,3.00,0.00,1.00,17.00,11.00,7.00,5.00,14.00,5.00,10.00,5.00,1.00,0.00,0.00,0.00
Dag and Red,AFC Wimbledon,1.00,0.00,1.00,0.00,8.00,16.00,2.00,3.00,10.00,9.00,5.00,10.00,2.00,1.00,1.00,0.00
Fleetwood Town,Accrington,3.00,1.00,1.00,0.00,15.00,3.00,9.00,2.00,17.00,5.00,4.00,3.00,1.00,2.00,0.00,0.00
Hartlepool,Bury,0.00,3.00,0.00,2.00,14.00,7.00,5.00,4.00,11.00,12.00,20.00,1.00,3.00,2.00,0.00,0.00
Mansfield,Burton,0.00,0.00,0.00,0.00,3.00,15.00,0.00,3.00,14.00,9.00,1.00,9.00,3.00,2.00,0.00,0.00
Plymouth,Torquay,2.00,0.00,0.00,0.00,14.00,9.00,5.00,4.00,12.00,12.00,9.00,5.00,1.00,2.00,0.00,0.00
Scunthorpe,Rochdale,3.00,0.00,0.00,0.00,11.00,8.00,5.00,3.00,8.00,8.00,5.00,10.00,2.00,5.00,0.00,1.00
Southend,Portsmouth,2.00,1.00,1.00,1.00,12.00,12.00,7.00,6.00,13.00,12.00,6.00,8.00,0.00,1.00,0.00,0.00
York,Morecambe,1.00,0.00,1.00,0.00,18.00,17.00,5.00,9.00,7.00,8.00,7.00,9.00,2.00,3.00,0.00,0.00
Exeter,Mansfield,0.00,1.00,0.00,1.00,16.00,14.00,4.00,7.00,9.00,15.00,8.00,3.00,2.00,3.00,0.00,0.00
Newport County,Northampton,1.00,2.00,1.00,1.00,17.00,10.00,9.00,4.00,11.00,13.00,11.00,6.00,2.00,3.00,0.00,0.00
Torquay,Morecambe,1.00,1.00,1.00,0.00,11.00,6.00,2.00,1.00,11.00,16.00,4.00,5.00,1.00,3.00,0.00,0.00
Wycombe,AFC Wimbledon,0.00,3.00,0.00,0.00,3.00,7.00,0.00,6.00,15.00,9.00,7.00,7.00,1.00,2.00,1.00,1.00
York,Dag and Red,3.00,1.00,0.00,0.00,12.00,10.00,10.00,2.00,8.00,13.00,6.00,7.00,1.00,2.00,0.00,0.00
Accrington,Newport County,3.00,3.00,2.00,1.00,10.00,7.00,7.00,4.00,13.00,12.00,5.00,6.00,0.00,2.00,0.00,0.00
AFC Wimbledon,Torquay,0.00,2.00,0.00,2.00,9.00,9.00,1.00,5.00,14.00,11.00,6.00,2.00,2.00,3.00,0.00,0.00
Bristol Rvs,Exeter,2.00,1.00,1.00,1.00,17.00,12.00,3.00,5.00,8.00,10.00,5.00,6.00,2.00,0.00,0.00,0.00
Burton,Cheltenham,2.00,1.00,0.00,0.00,21.00,7.00,8.00,3.00,10.00,12.00,6.00,3.00,1.00,2.00,0.00,0.00
Chesterfield,Bury,4.00,0.00,1.00,0.00,21.00,5.00,7.00,4.00,14.00,12.00,10.00,2.00,3.00,1.00,0.00,1.00
Dag and Red,Fleetwood Town,0.00,1.00,0.00,0.00,7.00,9.00,1.00,3.00,10.00,14.00,9.00,6.00,1.00,3.00,0.00,0.00
Hartlepool,Rochdale,0.00,3.00,0.00,0.00,15.00,11.00,4.00,5.00,9.00,12.00,7.00,6.00,1.00,2.00,0.00,0.00
Mansfield,Scunthorpe,0.00,2.00,0.00,1.00,11.00,16.00,4.00,5.00,8.00,3.00,3.00,5.00,0.00,0.00,0.00,0.00
Morecambe,Wycombe,1.00,1.00,0.00,1.00,5.00,5.00,1.00,3.00,7.00,8.00,3.00,4.00,1.00,2.00,0.00,0.00
Northampton,York,0.00,2.00,0.00,0.00,13.00,6.00,2.00,3.00,12.00,5.00,5.00,1.00,0.00,2.00,0.00,0.00
Oxford,Portsmouth,0.00,0.00,0.00,0.00,13.00,4.00,2.00,0.00,13.00,15.00,6.00,5.00,2.00,5.00,0.00,0.00
Plymouth,Southend,1.00,1.00,0.00,0.00,16.00,17.00,4.00,5.00,17.00,17.00,4.00,6.00,1.00,0.00,0.00,0.00
Bury,Burton,0.00,0.00,0.00,0.00,11.00,20.00,3.00,4.00,8.00,8.00,6.00,5.00,1.00,0.00,0.00,0.00
Cheltenham,Accrington,1.00,2.00,0.00,2.00,13.00,9.00,5.00,5.00,14.00,10.00,5.00,2.00,0.00,4.00,0.00,0.00
Fleetwood Town,Hartlepool,2.00,0.00,0.00,0.00,20.00,4.00,7.00,0.00,10.00,5.00,6.00,2.00,1.00,3.00,0.00,1.00
Portsmouth,Mansfield,1.00,1.00,0.00,0.00,6.00,8.00,2.00,2.00,5.00,10.00,9.00,3.00,0.00,2.00,0.00,0.00
Rochdale,Plymouth,3.00,0.00,1.00,0.00,12.00,7.00,4.00,4.00,13.00,13.00,3.00,2.00,0.00,2.00,0.00,1.00
Scunthorpe,AFC Wimbledon,0.00,0.00,0.00,0.00,9.00,5.00,6.00,3.00,11.00,9.00,3.00,6.00,1.00,1.00,0.00,0.00
Southend,Chesterfield,3.00,0.00,1.00,0.00,10.00,13.00,3.00,6.00,14.00,8.00,4.00,4.00,1.00,4.00,0.00,0.00
Wycombe,Oxford,0.00,1.00,0.00,0.00,5.00,6.00,3.00,2.00,10.00,9.00,4.00,7.00,2.00,6.00,1.00,0.00
York,Bristol Rvs,0.00,0.00,0.00,0.00,13.00,8.00,6.00,4.00,11.00,10.00,14.00,1.00,0.00,2.00,0.00,0.00
Chesterfield,Rochdale,2.00,2.00,1.00,0.00,10.00,7.00,2.00,3.00,13.00,11.00,2.00,5.00,0.00,1.00,1.00,0.00
AFC Wimbledon,Exeter,2.00,1.00,1.00,1.00,7.00,13.00,6.00,7.00,10.00,10.00,11.00,5.00,2.00,0.00,0.00,0.00
Bristol Rvs,Newport County,3.00,1.00,1.00,0.00,14.00,15.00,3.00,3.00,9.00,10.00,6.00,5.00,2.00,2.00,0.00,0.00
Burton,Fleetwood Town,2.00,4.00,0.00,1.00,6.00,8.00,1.00,6.00,4.00,17.00,9.00,3.00,0.00,5.00,0.00,0.00
Dag and Red,Scunthorpe,3.00,3.00,0.00,1.00,9.00,12.00,3.00,8.00,8.00,10.00,6.00,6.00,0.00,0.00,0.00,0.00
Hartlepool,York,2.00,0.00,0.00,0.00,9.00,9.00,5.00,1.00,11.00,18.00,8.00,9.00,2.00,3.00,0.00,0.00
Mansfield,Wycombe,2.00,2.00,0.00,1.00,13.00,9.00,7.00,4.00,9.00,12.00,11.00,5.00,2.00,0.00,0.00,0.00
Morecambe,Portsmouth,2.00,2.00,1.00,2.00,14.00,10.00,5.00,7.00,10.00,4.00,5.00,4.00,1.00,0.00,0.00,0.00
Northampton,Chesterfield,1.00,3.00,1.00,1.00,5.00,7.00,2.00,3.00,7.00,13.00,5.00,6.00,0.00,2.00,0.00,0.00
Oxford,Torquay,1.00,0.00,1.00,0.00,4.00,8.00,1.00,1.00,16.00,10.00,4.00,3.00,1.00,3.00,0.00,0.00
Plymouth,Cheltenham,1.00,1.00,0.00,0.00,11.00,14.00,2.00,3.00,7.00,13.00,3.00,5.00,2.00,1.00,0.00,0.00
Scunthorpe,Fleetwood Town,0.00,0.00,0.00,0.00,9.00,13.00,5.00,4.00,13.00,12.00,4.00,8.00,0.00,1.00,0.00,0.00
AFC Wimbledon,Hartlepool,2.00,1.00,0.00,1.00,8.00,16.00,6.00,9.00,10.00,9.00,3.00,5.00,3.00,2.00,0.00,0.00
Bristol Rvs,Accrington,0.00,1.00,0.00,0.00,19.00,7.00,2.00,5.00,6.00,8.00,6.00,2.00,1.00,1.00,0.00,0.00
Dag and Red,Southend,1.00,1.00,0.00,0.00,14.00,11.00,11.00,2.00,13.00,13.00,6.00,10.00,3.00,1.00,0.00,0.00
Exeter,Oxford,0.00,0.00,0.00,0.00,10.00,11.00,3.00,6.00,11.00,7.00,9.00,5.00,0.00,1.00,0.00,0.00
Wycombe,Portsmouth,0.00,1.00,0.00,0.00,7.00,3.00,4.00,1.00,12.00,13.00,10.00,2.00,2.00,2.00,0.00,0.00
York,Chesterfield,0.00,2.00,0.00,2.00,2.00,9.00,1.00,7.00,14.00,10.00,6.00,3.00,1.00,2.00,0.00,0.00
Southend,Newport County,0.00,0.00,0.00,0.00,10.00,8.00,3.00,4.00,8.00,17.00,8.00,5.00,0.00,1.00,0.00,0.00
Burton,Exeter,1.00,1.00,0.00,0.00,8.00,10.00,4.00,3.00,3.00,12.00,5.00,6.00,0.00,2.00,0.00,0.00
Bury,Wycombe,1.00,0.00,1.00,0.00,4.00,9.00,2.00,2.00,13.00,13.00,7.00,5.00,2.00,3.00,0.00,0.00
Cheltenham,Northampton,1.00,1.00,1.00,0.00,8.00,4.00,3.00,2.00,8.00,6.00,6.00,8.00,0.00,1.00,0.00,0.00
Chesterfield,Bristol Rvs,3.00,1.00,2.00,1.00,9.00,12.00,5.00,4.00,10.00,11.00,4.00,2.00,0.00,0.00,0.00,0.00
Fleetwood Town,York,1.00,2.00,0.00,1.00,12.00,5.00,3.00,2.00,3.00,8.00,8.00,7.00,0.00,1.00,0.00,0.00
Hartlepool,Scunthorpe,0.00,0.00,0.00,0.00,10.00,7.00,4.00,1.00,9.00,8.00,7.00,3.00,1.00,1.00,0.00,0.00
Oxford,AFC Wimbledon,2.00,1.00,1.00,0.00,5.00,10.00,2.00,5.00,8.00,13.00,3.00,7.00,0.00,0.00,0.00,0.00
Plymouth,Mansfield,1.00,1.00,0.00,0.00,15.00,9.00,5.00,3.00,6.00,13.00,6.00,6.00,2.00,2.00,0.00,0.00
Portsmouth,Torquay,0.00,1.00,0.00,1.00,4.00,4.00,1.00,2.00,7.00,4.00,7.00,4.00,0.00,0.00,0.00,0.00
Rochdale,Dag and Red,0.00,1.00,0.00,0.00,17.00,6.00,8.00,4.00,14.00,14.00,7.00,2.00,0.00,1.00,0.00,0.00
Bury,Oxford,1.00,1.00,0.00,0.00,9.00,6.00,7.00,2.00,9.00,10.00,2.00,5.00,0.00,2.00,0.00,0.00
AFC Wimbledon,Rochdale,0.00,3.00,0.00,0.00,3.00,13.00,1.00,6.00,7.00,6.00,5.00,3.00,1.00,0.00,0.00,0.00
Bristol Rvs,Oxford,1.00,1.00,0.00,1.00,11.00,4.00,3.00,1.00,10.00,11.00,5.00,0.00,2.00,1.00,0.00,0.00
Dag and Red,Hartlepool,0.00,2.00,0.00,0.00,17.00,12.00,3.00,5.00,9.00,9.00,6.00,5.00,2.00,1.00,0.00,0.00
Exeter,Portsmouth,1.00,1.00,0.00,1.00,12.00,11.00,5.00,4.00,13.00,8.00,6.00,3.00,0.00,0.00,0.00,0.00
Mansfield,Southend,2.00,1.00,1.00,0.00,9.00,10.00,6.00,2.00,13.00,12.00,4.00,6.00,1.00,3.00,0.00,1.00
Morecambe,Burton,0.00,1.00,0.00,0.00,8.00,17.00,4.00,6.00,9.00,14.00,2.00,8.00,0.00,1.00,0.00,0.00
Northampton,Plymouth,0.00,2.00,0.00,2.00,7.00,9.00,2.00,4.00,9.00,9.00,6.00,5.00,1.00,0.00,0.00,0.00
Scunthorpe,Chesterfield,1.00,1.00,1.00,1.00,3.00,12.00,1.00,5.00,10.00,11.00,1.00,9.00,1.00,1.00,0.00,0.00
Wycombe,Accrington,0.00,0.00,0.00,0.00,7.00,2.00,1.00,0.00,10.00,15.00,10.00,7.00,1.00,2.00,0.00,0.00
York,Cheltenham,0.00,0.00,0.00,0.00,11.00,7.00,5.00,1.00,9.00,16.00,9.00,0.00,2.00,4.00,0.00,0.00
Bristol Rvs,Cheltenham,1.00,0.00,1.00,0.00,11.00,13.00,3.00,5.00,15.00,17.00,4.00,5.00,0.00,2.00,0.00,0.00
Torquay,Northampton,1.00,2.00,1.00,2.00,11.00,5.00,4.00,3.00,12.00,11.00,6.00,3.00,3.00,1.00,0.00,0.00
Wycombe,Fleetwood Town,1.00,1.00,1.00,0.00,4.00,5.00,4.00,3.00,9.00,16.00,8.00,3.00,0.00,1.00,0.00,0.00
Accrington,Scunthorpe,2.00,3.00,2.00,0.00,6.00,10.00,4.00,4.00,8.00,11.00,5.00,11.00,3.00,0.00,0.00,0.00
Burton,Dag and Red,1.00,1.00,0.00,1.00,14.00,5.00,3.00,3.00,12.00,11.00,12.00,6.00,1.00,1.00,0.00,1.00
Chesterfield,Torquay,3.00,1.00,0.00,0.00,15.00,11.00,5.00,3.00,13.00,12.00,5.00,1.00,1.00,2.00,0.00,0.00
Fleetwood Town,Northampton,2.00,0.00,1.00,0.00,17.00,7.00,7.00,0.00,12.00,12.00,4.00,7.00,2.00,0.00,0.00,0.00
Hartlepool,Newport County,3.00,0.00,1.00,0.00,10.00,9.00,5.00,4.00,10.00,10.00,6.00,11.00,3.00,2.00,0.00,0.00
Oxford,Mansfield,3.00,0.00,1.00,0.00,10.00,18.00,6.00,8.00,8.00,17.00,1.00,6.00,1.00,3.00,0.00,0.00
Plymouth,York,0.00,4.00,0.00,2.00,5.00,13.00,3.00,9.00,12.00,18.00,2.00,11.00,2.00,4.00,1.00,0.00
Portsmouth,AFC Wimbledon,1.00,0.00,0.00,0.00,3.00,4.00,2.00,2.00,6.00,5.00,5.00,8.00,1.00,0.00,0.00,0.00
Rochdale,Morecambe,2.00,1.00,1.00,1.00,12.00,9.00,5.00,2.00,14.00,7.00,6.00,2.00,2.00,0.00,0.00,0.00
Southend,Exeter,2.00,3.00,2.00,1.00,9.00,15.00,4.00,11.00,11.00,10.00,7.00,18.00,1.00,0.00,0.00,0.00
Accrington,Bury,0.00,0.00,0.00,0.00,1.00,14.00,1.00,7.00,10.00,16.00,2.00,12.00,1.00,1.00,1.00,0.00
Exeter,Morecambe,1.00,1.00,1.00,0.00,10.00,8.00,6.00,2.00,9.00,13.00,6.00,3.00,1.00,3.00,0.00,1.00
Newport County,Oxford,3.00,2.00,1.00,1.00,11.00,5.00,5.00,4.00,11.00,10.00,5.00,2.00,3.00,2.00,0.00,0.00
Rochdale,Burton,1.00,1.00,0.00,1.00,6.00,6.00,2.00,2.00,11.00,8.00,7.00,4.00,2.00,3.00,0.00,0.00
Southend,Hartlepool,1.00,1.00,1.00,0.00,17.00,9.00,9.00,7.00,8.00,8.00,7.00,8.00,2.00,1.00,0.00,0.00
Bristol Rvs,Burton,2.00,0.00,0.00,0.00,14.00,10.00,3.00,0.00,14.00,14.00,6.00,3.00,3.00,3.00,0.00,0.00
AFC Wimbledon,Bury,0.00,1.00,0.00,0.00,15.00,7.00,7.00,2.00,16.00,13.00,8.00,5.00,3.00,3.00,0.00,0.00
Dag and Red,Plymouth,1.00,2.00,1.00,2.00,15.00,8.00,5.00,2.00,16.00,10.00,7.00,3.00,2.00,1.00,0.00,0.00
Exeter,Rochdale,0.00,1.00,0.00,1.00,11.00,10.00,3.00,5.00,9.00,12.00,10.00,7.00,0.00,2.00,0.00,0.00
Mansfield,Fleetwood Town,1.00,0.00,1.00,0.00,11.00,13.00,6.00,4.00,10.00,6.00,4.00,10.00,1.00,1.00,0.00,0.00
Morecambe,Oxford,1.00,1.00,0.00,1.00,14.00,6.00,6.00,2.00,7.00,9.00,4.00,2.00,0.00,0.00,0.00,0.00
Newport County,Cheltenham,0.00,1.00,0.00,1.00,6.00,6.00,0.00,3.00,12.00,11.00,6.00,7.00,2.00,0.00,0.00,0.00
Northampton,Hartlepool,2.00,0.00,1.00,0.00,12.00,8.00,3.00,3.00,16.00,17.00,4.00,7.00,1.00,3.00,0.00,0.00
Scunthorpe,Portsmouth,5.00,1.00,3.00,0.00,15.00,8.00,8.00,2.00,14.00,7.00,9.00,7.00,0.00,0.00,0.00,0.00
Torquay,Accrington,0.00,1.00,0.00,0.00,12.00,6.00,6.00,2.00,12.00,14.00,8.00,8.00,2.00,2.00,0.00,0.00
Wycombe,Chesterfield,1.00,0.00,1.00,0.00,5.00,1.00,2.00,1.00,13.00,19.00,0.00,5.00,2.00,2.00,0.00,0.00
York,Southend,0.00,0.00,0.00,0.00,8.00,10.00,6.00,4.00,10.00,9.00,4.00,6.00,2.00,1.00,0.00,0.00
Cheltenham,Chesterfield,1.00,4.00,0.00,4.00,9.00,7.00,6.00,4.00,5.00,7.00,5.00,6.00,0.00,0.00,0.00,0.00
Exeter,Wycombe,0.00,1.00,0.00,1.00,17.00,9.00,5.00,3.00,8.00,9.00,11.00,1.00,0.00,0.00,0.00,0.00
Fleetwood Town,Plymouth,0.00,4.00,0.00,1.00,11.00,16.00,6.00,7.00,15.00,6.00,10.00,8.00,2.00,1.00,0.00,0.00
Mansfield,Bury,1.00,4.00,0.00,1.00,13.00,9.00,6.00,6.00,13.00,5.00,0.00,4.00,1.00,1.00,0.00,0.00
Newport County,AFC Wimbledon,1.00,2.00,0.00,0.00,8.00,8.00,1.00,5.00,13.00,14.00,5.00,3.00,0.00,1.00,0.00,0.00
Northampton,Southend,2.00,1.00,1.00,1.00,7.00,6.00,2.00,2.00,15.00,13.00,6.00,4.00,1.00,2.00,0.00,0.00
Portsmouth,Accrington,1.00,0.00,0.00,0.00,6.00,4.00,2.00,1.00,7.00,10.00,1.00,5.00,2.00,1.00,0.00,0.00
Scunthorpe,Bristol Rvs,1.00,1.00,1.00,0.00,13.00,11.00,5.00,4.00,8.00,8.00,8.00,4.00,0.00,1.00,0.00,0.00
Torquay,Burton,1.00,1.00,1.00,1.00,9.00,7.00,3.00,4.00,9.00,12.00,4.00,6.00,0.00,1.00,0.00,0.00
Burton,Accrington,2.00,1.00,1.00,0.00,14.00,5.00,7.00,3.00,11.00,10.00,7.00,2.00,2.00,3.00,0.00,0.00
Cheltenham,Bury,2.00,1.00,1.00,1.00,8.00,6.00,6.00,3.00,5.00,9.00,6.00,8.00,3.00,1.00,0.00,0.00
Dag and Red,Mansfield,0.00,0.00,0.00,0.00,14.00,14.00,6.00,5.00,13.00,19.00,8.00,3.00,1.00,4.00,0.00,0.00
Fleetwood Town,AFC Wimbledon,0.00,0.00,0.00,0.00,10.00,11.00,4.00,6.00,9.00,6.00,8.00,7.00,1.00,0.00,0.00,0.00
Hartlepool,Torquay,3.00,0.00,1.00,0.00,11.00,13.00,5.00,6.00,6.00,8.00,2.00,8.00,0.00,0.00,0.00,0.00
Newport County,Scunthorpe,2.00,2.00,1.00,0.00,13.00,7.00,7.00,3.00,8.00,9.00,6.00,4.00,1.00,3.00,0.00,0.00
Northampton,Bristol Rvs,0.00,0.00,0.00,0.00,9.00,14.00,5.00,5.00,11.00,10.00,5.00,7.00,1.00,1.00,0.00,0.00
Plymouth,Morecambe,5.00,0.00,2.00,0.00,19.00,8.00,8.00,3.00,9.00,14.00,6.00,6.00,0.00,1.00,0.00,0.00
Rochdale,Oxford,3.00,0.00,1.00,0.00,11.00,2.00,6.00,1.00,5.00,6.00,6.00,6.00,1.00,1.00,0.00,0.00
Southend,Wycombe,1.00,1.00,0.00,0.00,15.00,11.00,5.00,3.00,12.00,9.00,12.00,7.00,1.00,2.00,0.00,0.00
York,Exeter,2.00,1.00,2.00,1.00,10.00,8.00,5.00,3.00,12.00,11.00,7.00,3.00,1.00,2.00,0.00,0.00
Chesterfield,Portsmouth,0.00,0.00,0.00,0.00,9.00,10.00,5.00,2.00,10.00,8.00,2.00,5.00,2.00,0.00,0.00,0.00
Newport County,Fleetwood Town,0.00,0.00,0.00,0.00,13.00,4.00,1.00,0.00,13.00,11.00,6.00,5.00,1.00,1.00,0.00,0.00
Bury,Rochdale,0.00,0.00,0.00,0.00,7.00,7.00,3.00,2.00,16.00,13.00,4.00,5.00,1.00,2.00,0.00,1.00
Accrington,Chesterfield,3.00,1.00,3.00,0.00,8.00,18.00,6.00,6.00,9.00,7.00,1.00,9.00,2.00,0.00,1.00,0.00
AFC Wimbledon,York,0.00,1.00,0.00,1.00,8.00,15.00,0.00,4.00,11.00,9.00,6.00,4.00,2.00,0.00,0.00,0.00
Bristol Rvs,Plymouth,2.00,1.00,1.00,1.00,16.00,7.00,6.00,3.00,9.00,14.00,11.00,6.00,1.00,2.00,0.00,0.00
Exeter,Dag and Red,2.00,2.00,1.00,0.00,10.00,8.00,3.00,2.00,11.00,5.00,10.00,3.00,2.00,5.00,0.00,0.00
Mansfield,Newport County,2.00,1.00,1.00,0.00,8.00,8.00,3.00,1.00,19.00,18.00,6.00,9.00,3.00,4.00,0.00,0.00
Morecambe,Southend,2.00,1.00,1.00,1.00,11.00,14.00,4.00,4.00,9.00,10.00,7.00,5.00,2.00,0.00,0.00,0.00
Oxford,Burton,1.00,2.00,0.00,2.00,11.00,11.00,4.00,6.00,16.00,12.00,4.00,5.00,2.00,2.00,0.00,0.00
Portsmouth,Cheltenham,0.00,0.00,0.00,0.00,8.00,6.00,1.00,0.00,13.00,13.00,8.00,5.00,2.00,0.00,0.00,0.00
Scunthorpe,Northampton,1.00,1.00,0.00,0.00,15.00,2.00,6.00,1.00,10.00,17.00,5.00,1.00,2.00,0.00,0.00,1.00
Torquay,Fleetwood Town,0.00,1.00,0.00,0.00,8.00,5.00,2.00,1.00,4.00,13.00,5.00,1.00,1.00,2.00,0.00,0.00
Wycombe,Hartlepool,2.00,1.00,0.00,1.00,10.00,3.00,4.00,2.00,10.00,13.00,6.00,5.00,2.00,2.00,0.00,0.00
Accrington,Hartlepool,0.00,0.00,0.00,0.00,13.00,9.00,5.00,2.00,9.00,10.00,9.00,6.00,1.00,3.00,0.00,0.00
AFC Wimbledon,Chesterfield,1.00,1.00,0.00,0.00,7.00,11.00,3.00,5.00,9.00,9.00,3.00,8.00,2.00,1.00,0.00,0.00
Bristol Rvs,Dag and Red,1.00,2.00,1.00,1.00,14.00,9.00,4.00,3.00,7.00,11.00,7.00,2.00,1.00,4.00,0.00,0.00
Bury,Fleetwood Town,2.00,2.00,0.00,1.00,14.00,11.00,6.00,5.00,6.00,14.00,11.00,7.00,0.00,1.00,0.00,0.00
Exeter,Northampton,0.00,1.00,0.00,0.00,10.00,7.00,0.00,4.00,9.00,12.00,5.00,1.00,0.00,0.00,0.00,0.00
Mansfield,York,0.00,1.00,0.00,1.00,7.00,8.00,4.00,3.00,15.00,10.00,6.00,6.00,2.00,0.00,0.00,0.00
Morecambe,Newport County,4.00,1.00,0.00,1.00,17.00,10.00,8.00,2.00,8.00,8.00,9.00,5.00,1.00,1.00,0.00,1.00
Oxford,Cheltenham,1.00,1.00,0.00,0.00,7.00,9.00,2.00,3.00,8.00,12.00,4.00,5.00,3.00,2.00,0.00,0.00
Portsmouth,Burton,0.00,0.00,0.00,0.00,3.00,14.00,1.00,9.00,12.00,8.00,7.00,4.00,3.00,1.00,0.00,0.00
Scunthorpe,Southend,2.00,2.00,2.00,0.00,6.00,12.00,6.00,5.00,13.00,16.00,3.00,7.00,1.00,2.00,0.00,0.00
Torquay,Rochdale,2.00,1.00,1.00,1.00,10.00,8.00,8.00,4.00,21.00,15.00,3.00,7.00,1.00,0.00,0.00,1.00
Wycombe,Plymouth,0.00,1.00,0.00,0.00,4.00,4.00,1.00,2.00,12.00,14.00,9.00,6.00,0.00,1.00,0.00,0.00
Burton,AFC Wimbledon,1.00,1.00,1.00,0.00,11.00,10.00,6.00,2.00,7.00,16.00,2.00,7.00,0.00,3.00,0.00,0.00
Cheltenham,Torquay,1.00,0.00,0.00,0.00,8.00,8.00,3.00,3.00,7.00,10.00,5.00,6.00,1.00,1.00,0.00,0.00
Chesterfield,Oxford,3.00,0.00,2.00,0.00,9.00,3.00,5.00,1.00,13.00,14.00,4.00,2.00,3.00,1.00,0.00,2.00
Dag and Red,Morecambe,1.00,1.00,0.00,0.00,19.00,11.00,5.00,4.00,5.00,10.00,7.00,5.00,0.00,1.00,0.00,0.00
Fleetwood Town,Portsmouth,3.00,1.00,2.00,0.00,12.00,12.00,6.00,6.00,10.00,8.00,2.00,5.00,2.00,1.00,0.00,0.00
Hartlepool,Bristol Rvs,4.00,0.00,2.00,0.00,12.00,4.00,6.00,1.00,7.00,8.00,6.00,4.00,0.00,1.00,0.00,0.00
Northampton,Mansfield,1.00,1.00,0.00,1.00,11.00,7.00,4.00,4.00,9.00,12.00,8.00,8.00,0.00,2.00,0.00,1.00
Plymouth,Scunthorpe,0.00,2.00,0.00,0.00,16.00,16.00,2.00,7.00,5.00,7.00,4.00,10.00,1.00,1.00,0.00,0.00
Rochdale,Accrington,2.00,1.00,0.00,0.00,10.00,6.00,6.00,2.00,14.00,12.00,6.00,6.00,1.00,1.00,0.00,0.00
Southend,Bury,0.00,0.00,0.00,0.00,10.00,5.00,1.00,1.00,13.00,11.00,4.00,4.00,2.00,2.00,1.00,0.00
York,Wycombe,2.00,0.00,2.00,0.00,7.00,7.00,5.00,2.00,10.00,13.00,5.00,8.00,1.00,0.00,0.00,1.00
Newport County,Exeter,1.00,1.00,0.00,0.00,13.00,7.00,6.00,3.00,12.00,10.00,7.00,6.00,0.00,0.00,0.00,0.00
Accrington,Morecambe,5.00,1.00,2.00,0.00,14.00,4.00,9.00,3.00,5.00,9.00,9.00,3.00,0.00,2.00,0.00,0.00
Cheltenham,Wycombe,1.00,1.00,0.00,0.00,8.00,7.00,4.00,3.00,11.00,5.00,7.00,4.00,0.00,1.00,0.00,0.00
Northampton,Rochdale,0.00,3.00,0.00,1.00,7.00,8.00,2.00,5.00,16.00,7.00,2.00,3.00,2.00,1.00,0.00,1.00
Plymouth,Chesterfield,2.00,1.00,1.00,0.00,12.00,10.00,5.00,6.00,6.00,15.00,0.00,7.00,0.00,2.00,0.00,0.00
Torquay,Bury,2.00,1.00,1.00,0.00,11.00,7.00,4.00,4.00,14.00,10.00,8.00,2.00,4.00,1.00,0.00,0.00
Newport County,Dag and Red,1.00,2.00,1.00,2.00,9.00,10.00,2.00,6.00,14.00,11.00,8.00,3.00,2.00,4.00,1.00,0.00
Bristol Rvs,Southend,0.00,0.00,0.00,0.00,6.00,9.00,3.00,3.00,9.00,10.00,6.00,3.00,3.00,1.00,0.00,0.00
Oxford,Hartlepool,1.00,0.00,0.00,0.00,10.00,9.00,4.00,3.00,6.00,17.00,9.00,9.00,0.00,0.00,1.00,1.00
Accrington,Plymouth,1.00,1.00,0.00,1.00,8.00,9.00,6.00,6.00,8.00,6.00,12.00,7.00,3.00,0.00,0.00,0.00
AFC Wimbledon,Cheltenham,4.00,3.00,0.00,1.00,15.00,10.00,6.00,4.00,8.00,10.00,5.00,2.00,4.00,3.00,0.00,0.00
Bury,Dag and Red,1.00,1.00,0.00,0.00,14.00,6.00,7.00,2.00,13.00,5.00,8.00,7.00,0.00,1.00,0.00,0.00
Exeter,Fleetwood Town,3.00,0.00,1.00,0.00,14.00,8.00,7.00,4.00,11.00,19.00,8.00,2.00,0.00,1.00,0.00,0.00
Mansfield,Chesterfield,0.00,0.00,0.00,0.00,8.00,15.00,1.00,9.00,18.00,9.00,3.00,9.00,3.00,0.00,0.00,0.00
Morecambe,Northampton,1.00,1.00,0.00,1.00,9.00,13.00,5.00,4.00,12.00,15.00,1.00,5.00,0.00,2.00,0.00,0.00
Portsmouth,York,0.00,1.00,0.00,1.00,11.00,6.00,7.00,3.00,10.00,10.00,6.00,5.00,1.00,3.00,1.00,0.00
Scunthorpe,Burton,1.00,0.00,0.00,0.00,4.00,8.00,2.00,2.00,9.00,17.00,4.00,7.00,0.00,2.00,0.00,0.00
Torquay,Newport County,0.00,1.00,0.00,1.00,11.00,13.00,2.00,6.00,9.00,9.00,5.00,13.00,1.00,1.00,1.00,0.00
Wycombe,Rochdale,0.00,2.00,0.00,0.00,8.00,7.00,3.00,5.00,9.00,16.00,14.00,4.00,1.00,2.00,0.00,0.00
Southend,Oxford,3.00,0.00,2.00,0.00,15.00,8.00,9.00,5.00,9.00,4.00,12.00,6.00,0.00,0.00,0.00,0.00
Burton,Wycombe,1.00,0.00,0.00,0.00,15.00,8.00,5.00,2.00,9.00,11.00,2.00,5.00,1.00,0.00,0.00,0.00
Cheltenham,Scunthorpe,0.00,2.00,0.00,1.00,9.00,8.00,4.00,2.00,8.00,9.00,5.00,6.00,1.00,4.00,0.00,0.00
Chesterfield,Morecambe,1.00,0.00,1.00,0.00,13.00,3.00,3.00,2.00,7.00,10.00,8.00,3.00,1.00,3.00,0.00,0.00
Dag and Red,Accrington,0.00,0.00,0.00,0.00,11.00,16.00,4.00,6.00,5.00,12.00,4.00,13.00,0.00,1.00,0.00,0.00
Fleetwood Town,Bristol Rvs,3.00,1.00,2.00,0.00,11.00,10.00,7.00,3.00,11.00,12.00,3.00,5.00,0.00,2.00,0.00,0.00
Hartlepool,Mansfield,2.00,4.00,1.00,1.00,9.00,9.00,3.00,6.00,13.00,8.00,7.00,5.00,3.00,2.00,0.00,0.00
Newport County,Bury,0.00,0.00,0.00,0.00,6.00,6.00,2.00,2.00,13.00,10.00,4.00,4.00,4.00,0.00,0.00,0.00
Northampton,AFC Wimbledon,2.00,2.00,1.00,1.00,11.00,6.00,4.00,3.00,13.00,9.00,7.00,4.00,1.00,2.00,0.00,1.00
Plymouth,Exeter,1.00,2.00,1.00,0.00,15.00,15.00,6.00,5.00,4.00,10.00,7.00,6.00,2.00,2.00,0.00,0.00
Rochdale,Portsmouth,3.00,0.00,1.00,0.00,10.00,10.00,4.00,5.00,4.00,8.00,6.00,4.00,0.00,0.00,0.00,0.00
York,Torquay,1.00,0.00,1.00,0.00,11.00,12.00,3.00,5.00,8.00,12.00,5.00,10.00,1.00,1.00,0.00,0.00
Bristol Rvs,Morecambe,1.00,0.00,0.00,0.00,6.00,9.00,3.00,1.00,13.00,16.00,2.00,5.00,1.00,1.00,0.00,0.00
Dag and Red,Oxford,1.00,0.00,0.00,0.00,10.00,8.00,2.00,1.00,3.00,18.00,1.00,4.00,1.00,1.00,0.00,0.00
Exeter,Accrington,0.00,1.00,0.00,1.00,10.00,7.00,2.00,3.00,7.00,6.00,4.00,4.00,0.00,0.00,0.00,0.00
Fleetwood Town,Rochdale,0.00,0.00,0.00,0.00,7.00,10.00,2.00,5.00,7.00,8.00,6.00,7.00,0.00,1.00,0.00,0.00
Hartlepool,Cheltenham,0.00,1.00,0.00,0.00,14.00,11.00,5.00,5.00,10.00,9.00,4.00,2.00,1.00,1.00,0.00,0.00
Mansfield,AFC Wimbledon,1.00,0.00,1.00,0.00,10.00,10.00,5.00,2.00,14.00,18.00,6.00,3.00,3.00,3.00,0.00,0.00
Newport County,Portsmouth,1.00,2.00,0.00,2.00,8.00,7.00,2.00,4.00,13.00,18.00,9.00,4.00,1.00,3.00,2.00,0.00
Northampton,Bury,0.00,3.00,0.00,2.00,8.00,6.00,4.00,5.00,15.00,11.00,5.00,3.00,1.00,0.00,0.00,0.00
Scunthorpe,Wycombe,0.00,0.00,0.00,0.00,10.00,5.00,2.00,2.00,6.00,9.00,10.00,7.00,1.00,2.00,0.00,0.00
Southend,Torquay,1.00,0.00,0.00,0.00,15.00,7.00,3.00,0.00,11.00,16.00,5.00,3.00,3.00,4.00,0.00,0.00
York,Burton,0.00,0.00,0.00,0.00,5.00,11.00,1.00,6.00,7.00,6.00,5.00,6.00,2.00,1.00,0.00,0.00
Bury,Bristol Rvs,2.00,1.00,1.00,1.00,8.00,12.00,4.00,4.00,7.00,8.00,5.00,3.00,0.00,0.00,0.00,0.00
Accrington,Northampton,0.00,1.00,0.00,1.00,14.00,7.00,2.00,4.00,6.00,10.00,7.00,3.00,1.00,4.00,0.00,0.00
AFC Wimbledon,Bristol Rvs,0.00,0.00,0.00,0.00,11.00,5.00,3.00,2.00,10.00,10.00,9.00,3.00,0.00,1.00,0.00,0.00
Burton,Plymouth,1.00,0.00,1.00,0.00,13.00,8.00,5.00,2.00,7.00,7.00,6.00,5.00,1.00,1.00,0.00,0.00
Bury,Exeter,2.00,0.00,0.00,0.00,11.00,5.00,6.00,2.00,9.00,11.00,14.00,4.00,1.00,0.00,0.00,1.00
Cheltenham,Southend,1.00,2.00,1.00,0.00,6.00,14.00,2.00,7.00,8.00,14.00,6.00,3.00,0.00,2.00,0.00,0.00
Chesterfield,Newport County,1.00,1.00,0.00,0.00,12.00,5.00,4.00,2.00,12.00,13.00,9.00,2.00,1.00,0.00,0.00,0.00
Morecambe,Mansfield,0.00,1.00,0.00,1.00,11.00,6.00,2.00,3.00,12.00,8.00,8.00,6.00,4.00,6.00,1.00,0.00
Oxford,Fleetwood Town,0.00,2.00,0.00,1.00,7.00,11.00,2.00,7.00,10.00,11.00,5.00,3.00,1.00,2.00,0.00,0.00
Portsmouth,Hartlepool,1.00,0.00,1.00,0.00,6.00,1.00,3.00,0.00,16.00,10.00,3.00,5.00,0.00,0.00,0.00,0.00
Rochdale,York,0.00,0.00,0.00,0.00,7.00,1.00,3.00,0.00,8.00,6.00,11.00,2.00,2.00,1.00,0.00,0.00
Torquay,Scunthorpe,0.00,1.00,0.00,1.00,11.00,8.00,3.00,3.00,8.00,10.00,9.00,0.00,1.00,1.00,1.00,0.00
Wycombe,Dag and Red,2.00,0.00,0.00,0.00,10.00,3.00,7.00,1.00,16.00,11.00,13.00,2.00,1.00,0.00,0.00,1.00
Newport County,Plymouth,1.00,2.00,1.00,2.00,6.00,9.00,1.00,3.00,11.00,17.00,4.00,5.00,1.00,0.00,0.00,0.00
Bristol Rvs,Torquay,1.00,2.00,0.00,0.00,8.00,6.00,3.00,4.00,19.00,11.00,4.00,7.00,3.00,1.00,0.00,0.00
Dag and Red,Portsmouth,1.00,4.00,1.00,2.00,8.00,19.00,3.00,9.00,7.00,8.00,2.00,13.00,1.00,0.00,0.00,0.00
Exeter,Cheltenham,1.00,1.00,1.00,1.00,16.00,10.00,4.00,5.00,11.00,12.00,6.00,4.00,0.00,2.00,0.00,0.00
Fleetwood Town,Morecambe,2.00,2.00,1.00,1.00,6.00,8.00,3.00,1.00,1.00,6.00,10.00,6.00,1.00,2.00,0.00,0.00
Hartlepool,Chesterfield,1.00,2.00,1.00,1.00,6.00,9.00,2.00,3.00,6.00,10.00,6.00,10.00,1.00,1.00,0.00,0.00
Mansfield,Rochdale,3.00,0.00,0.00,0.00,16.00,18.00,9.00,6.00,9.00,15.00,5.00,9.00,1.00,5.00,0.00,0.00
Newport County,Wycombe,2.00,0.00,0.00,0.00,7.00,2.00,4.00,1.00,7.00,8.00,9.00,9.00,0.00,1.00,0.00,0.00
Northampton,Burton,1.00,0.00,1.00,0.00,9.00,9.00,3.00,1.00,17.00,11.00,4.00,7.00,2.00,0.00,0.00,0.00
Plymouth,Oxford,0.00,2.00,0.00,1.00,9.00,15.00,6.00,4.00,13.00,6.00,5.00,8.00,0.00,0.00,1.00,0.00
Scunthorpe,Bury,2.00,2.00,0.00,0.00,7.00,7.00,4.00,3.00,9.00,6.00,6.00,6.00,1.00,0.00,0.00,0.00
Southend,AFC Wimbledon,0.00,1.00,0.00,0.00,19.00,5.00,6.00,2.00,15.00,7.00,4.00,4.00,2.00,2.00,0.00,0.00
York,Accrington,1.00,1.00,0.00,0.00,13.00,8.00,4.00,3.00,11.00,15.00,7.00,7.00,0.00,3.00,0.00,0.00
Accrington,Mansfield,1.00,1.00,0.00,0.00,11.00,12.00,7.00,5.00,10.00,15.00,7.00,3.00,0.00,3.00,0.00,0.00
AFC Wimbledon,Newport County,2.00,2.00,0.00,1.00,10.00,12.00,3.00,4.00,15.00,12.00,7.00,7.00,0.00,3.00,0.00,0.00
Bury,Plymouth,4.00,0.00,1.00,0.00,10.00,10.00,5.00,2.00,4.00,9.00,9.00,3.00,0.00,1.00,0.00,0.00
Cheltenham,Fleetwood Town,1.00,2.00,1.00,0.00,4.00,6.00,3.00,2.00,9.00,11.00,6.00,2.00,1.00,3.00,0.00,0.00
Chesterfield,Exeter,1.00,1.00,0.00,1.00,8.00,10.00,4.00,6.00,14.00,11.00,9.00,7.00,1.00,1.00,1.00,0.00
Morecambe,Scunthorpe,1.00,1.00,0.00,1.00,10.00,11.00,6.00,3.00,8.00,10.00,6.00,8.00,2.00,2.00,0.00,0.00
Oxford,York,0.00,1.00,0.00,0.00,10.00,5.00,2.00,3.00,14.00,15.00,5.00,5.00,1.00,3.00,0.00,0.00
Rochdale,Southend,0.00,3.00,0.00,2.00,7.00,11.00,1.00,5.00,13.00,12.00,8.00,1.00,3.00,1.00,0.00,0.00
Torquay,Dag and Red,0.00,1.00,0.00,0.00,14.00,6.00,5.00,2.00,9.00,19.00,6.00,1.00,0.00,3.00,0.00,0.00
Wycombe,Northampton,1.00,1.00,1.00,1.00,6.00,3.00,1.00,1.00,15.00,20.00,4.00,8.00,1.00,1.00,0.00,0.00
Burton,Hartlepool,3.00,0.00,1.00,0.00,17.00,6.00,6.00,2.00,9.00,13.00,5.00,5.00,0.00,0.00,0.00,0.00
Portsmouth,Bristol Rvs,3.00,2.00,2.00,2.00,13.00,17.00,8.00,9.00,10.00,7.00,6.00,5.00,3.00,3.00,0.00,0.00
Bristol Rvs,Rochdale,1.00,2.00,1.00,0.00,15.00,14.00,6.00,5.00,10.00,9.00,2.00,10.00,0.00,0.00,0.00,0.00
Dag and Red,Chesterfield,0.00,1.00,0.00,1.00,9.00,14.00,3.00,5.00,9.00,10.00,3.00,4.00,1.00,2.00,0.00,0.00
Exeter,Torquay,1.00,2.00,1.00,0.00,13.00,7.00,4.00,3.00,8.00,14.00,5.00,3.00,1.00,2.00,0.00,0.00
Fleetwood Town,Wycombe,1.00,0.00,0.00,0.00,9.00,9.00,7.00,4.00,7.00,10.00,3.00,4.00,0.00,1.00,1.00,0.00
Hartlepool,Morecambe,2.00,1.00,0.00,1.00,15.00,8.00,7.00,1.00,12.00,7.00,5.00,4.00,2.00,0.00,1.00,0.00
Mansfield,Cheltenham,0.00,2.00,0.00,0.00,9.00,10.00,1.00,4.00,14.00,10.00,4.00,11.00,2.00,0.00,0.00,0.00
Newport County,Burton,1.00,1.00,1.00,1.00,14.00,10.00,6.00,4.00,9.00,14.00,9.00,5.00,1.00,2.00,0.00,0.00
Northampton,Portsmouth,0.00,1.00,0.00,1.00,13.00,5.00,9.00,3.00,10.00,13.00,8.00,3.00,3.00,2.00,0.00,0.00
Plymouth,AFC Wimbledon,1.00,2.00,1.00,1.00,10.00,14.00,3.00,4.00,12.00,12.00,3.00,7.00,2.00,2.00,0.00,0.00
Scunthorpe,Oxford,1.00,0.00,1.00,0.00,11.00,5.00,5.00,1.00,9.00,16.00,8.00,6.00,0.00,1.00,0.00,0.00
Southend,Accrington,1.00,0.00,0.00,0.00,8.00,5.00,2.00,1.00,15.00,10.00,3.00,7.00,0.00,1.00,0.00,0.00
York,Bury,1.00,0.00,1.00,0.00,7.00,14.00,3.00,6.00,17.00,12.00,5.00,10.00,2.00,1.00,0.00,1.00
AFC Wimbledon,Morecambe,0.00,3.00,0.00,2.00,10.00,9.00,1.00,7.00,15.00,10.00,4.00,4.00,2.00,1.00,0.00,0.00
Bury,Portsmouth,4.00,4.00,2.00,0.00,13.00,8.00,10.00,5.00,8.00,13.00,5.00,7.00,0.00,0.00,0.00,0.00
Dag and Red,Northampton,0.00,3.00,0.00,3.00,7.00,7.00,2.00,5.00,14.00,14.00,2.00,4.00,1.00,2.00,0.00,0.00
Exeter,Scunthorpe,2.00,0.00,1.00,0.00,16.00,5.00,5.00,1.00,12.00,10.00,5.00,2.00,0.00,0.00,0.00,0.00
Fleetwood Town,Southend,1.00,1.00,1.00,1.00,12.00,9.00,8.00,4.00,11.00,11.00,7.00,7.00,0.00,2.00,0.00,0.00
Mansfield,Torquay,1.00,3.00,0.00,2.00,7.00,16.00,3.00,7.00,12.00,10.00,4.00,9.00,1.00,0.00,1.00,0.00
Oxford,Accrington,1.00,2.00,0.00,1.00,4.00,6.00,1.00,5.00,10.00,11.00,3.00,5.00,2.00,2.00,0.00,0.00
Plymouth,Hartlepool,1.00,1.00,1.00,0.00,14.00,15.00,6.00,3.00,12.00,9.00,5.00,6.00,0.00,0.00,0.00,0.00
Rochdale,Cheltenham,2.00,0.00,2.00,0.00,12.00,10.00,5.00,1.00,6.00,5.00,3.00,6.00,0.00,0.00,0.00,0.00
Wycombe,Bristol Rvs,1.00,2.00,1.00,1.00,5.00,3.00,1.00,3.00,11.00,13.00,4.00,2.00,0.00,1.00,0.00,0.00
York,Newport County,1.00,0.00,0.00,0.00,9.00,12.00,6.00,3.00,9.00,17.00,4.00,2.00,1.00,0.00,0.00,0.00
Burton,Chesterfield,0.00,2.00,0.00,0.00,7.00,12.00,4.00,5.00,7.00,12.00,2.00,11.00,0.00,0.00,0.00,0.00
Accrington,AFC Wimbledon,3.00,2.00,2.00,0.00,10.00,9.00,8.00,4.00,14.00,14.00,4.00,8.00,2.00,1.00,0.00,0.00
Bristol Rvs,Mansfield,0.00,1.00,0.00,1.00,18.00,4.00,3.00,3.00,11.00,9.00,8.00,4.00,1.00,3.00,0.00,0.00
Cheltenham,Dag and Red,2.00,3.00,2.00,2.00,2.00,5.00,2.00,2.00,12.00,12.00,6.00,1.00,0.00,1.00,0.00,0.00
Chesterfield,Fleetwood Town,2.00,1.00,0.00,1.00,12.00,7.00,2.00,3.00,6.00,16.00,8.00,2.00,1.00,2.00,0.00,0.00
Hartlepool,Exeter,0.00,2.00,0.00,2.00,6.00,9.00,3.00,5.00,7.00,11.00,11.00,4.00,0.00,0.00,0.00,0.00
Morecambe,Bury,0.00,0.00,0.00,0.00,11.00,5.00,3.00,0.00,8.00,8.00,6.00,2.00,1.00,0.00,0.00,0.00
Newport County,Rochdale,2.00,1.00,1.00,1.00,6.00,11.00,3.00,4.00,12.00,9.00,1.00,5.00,1.00,2.00,1.00,0.00
Northampton,Oxford,3.00,1.00,2.00,1.00,11.00,7.00,3.00,1.00,17.00,7.00,5.00,3.00,3.00,0.00,0.00,1.00
Portsmouth,Plymouth,3.00,3.00,2.00,2.00,15.00,11.00,5.00,5.00,7.00,10.00,11.00,4.00,0.00,2.00,0.00,0.00
Scunthorpe,York,2.00,2.00,2.00,1.00,7.00,8.00,5.00,5.00,5.00,6.00,4.00,14.00,0.00,0.00,0.00,0.00
Southend,Burton,1.00,0.00,1.00,0.00,10.00,11.00,4.00,1.00,12.00,9.00,3.00,6.00,0.00,0.00,0.00,0.00
Torquay,Wycombe,0.00,3.00,0.00,2.00,7.00,10.00,2.00,4.00,15.00,11.00,6.00,3.00,2.00,1.00,1.00,0.00
